¥æ©ö½s¸¹,Date,ID,Product_ID,Quantity,Amount
86,20060101,92,2842,1,45
124,20060102,198,67438,1,599
273,20060104,338,68431,1,1990
273,20060104,338,68431,1,2499
273,20060104,338,68431,3,7497
361,20060105,527,26952,1,90
396,20060105,62,65630,1,99
443,20060106,637,51398,1,715
451,20060106,655,69542,3,0
482,20060107,332,34938,4,316
522,20060107,742,57342,1,499
525,20060107,748,2809,1,79
596,20060108,805,51157,1,545
596,20060108,805,51160,1,330
596,20060108,805,51157,1,545
605,20060108,820,68262,1,29109
605,20060108,820,69266,1,400
605,20060108,820,63042,1,0
693,20060109,915,62125,1,399
693,20060109,915,54817,1,99
693,20060109,915,68838,1,499
696,20060109,921,2969,1,239
696,20060109,921,2969,1,239
696,20060109,921,2969,1,239
696,20060109,921,2968,1,213
696,20060109,921,2968,1,213
696,20060109,921,2811,1,113
696,20060109,921,2811,1,113
696,20060109,921,2809,1,79
696,20060109,921,2809,1,79
697,20060109,923,67545,1,1499
720,20060110,1006,65230,1,249
720,20060110,1006,67980,1,30
759,20060110,527,67189,1,199
781,20060110,977,68431,1,2990
796,20060111,1041,65717,1,490
829,20060111,1096,69573,1,1299
851,20060111,284,2842,1,45
851,20060111,284,2808,1,79
879,20060112,1121,63685,1,239
933,20060112,284,66258,1,299
935,20060112,332,67976,1,3750
935,20060112,332,66454,2,7500
935,20060112,332,68291,1,12980
1004,20060113,1246,68080,1,19999
1023,20060113,449,55624,1,1888
1023,20060113,449,55624,1,2390
1039,20060113,977,41256,1,140
1039,20060113,977,66817,1,749
1046,20060114,1121,68315,1,1499
1046,20060114,1121,68315,1,1499
1046,20060114,1121,49748,1,3
1118,20060114,637,66388,1,1899
1134,20060115,1121,64602,1,8999
1144,20060115,1335,55963,1,1699
1227,20060115,805,51158,1,330
1227,20060115,805,51159,1,330
1232,20060115,92,67975,1,1888
1242,20060116,1121,67545,1,999
1265,20060116,1446,62123,1,289
1277,20060116,1464,50984,1,369
1287,20060116,1479,64453,2,17398
1328,20060116,539,40236,1,620
1328,20060116,539,40237,1,720
1328,20060116,539,39948,1,395
1328,20060116,539,39949,1,630
1348,20060117,1479,55262,1,75
1395,20060117,198,40233,1,670
1397,20060117,284,63922,1,35
1416,20060118,1006,39948,1,395
1482,20060118,284,67269,1,199
1487,20060118,450,54817,2,198
1487,20060118,450,54816,2,198
1551,20060119,1677,51232,1,143
1553,20060119,1679,42701,1,2990
1580,20060119,977,40233,2,1340
1580,20060119,977,40234,1,1120
1756,20060121,637,40233,1,670
1756,20060121,637,51398,2,1430
1840,20060122,449,55231,2,200
1840,20060122,449,16780,2,190
1840,20060122,449,16781,2,280
1840,20060122,449,45158,4,1400
1840,20060122,449,45158,2,700
1915,20060123,284,64868,1,369
1915,20060123,284,17560,1,620
1915,20060123,284,17559,1,705
1940,20060124,1121,70058,1,188
1972,20060124,1930,69542,1,0
1972,20060124,1930,64600,1,1999
1981,20060124,1944,63144,1,129
1981,20060124,1944,68840,1,369
1993,20060124,284,39948,2,790
1993,20060124,284,39949,1,630
1995,20060124,332,69542,1,0
1995,20060124,332,67754,1,7998
2025,20060125,1246,70077,1,3690
2084,20060125,284,59148,1,209
2085,20060125,332,69404,1,7590
2085,20060125,332,67622,1,9999
2085,20060125,332,65153,1,1788
2106,20060125,977,63336,1,3990
2131,20060126,1677,69528,1,199
2131,20060126,1677,69528,1,199
2132,20060126,1686,61988,1,269
2148,20060126,2030,59730,1,99
2148,20060126,2030,65693,1,2990
2179,20060126,284,68316,1,1299
2227,20060127,1672,2766,1,125
2281,20060127,332,62584,1,1700
2433,20060129,2220,69334,1,19209
2436,20060129,2224,58224,1,315
2460,20060130,1096,41369,1,149
2460,20060130,1096,49749,1,2
2487,20060130,2239,67943,1,268
2487,20060130,2239,64840,1,1280
2517,20060130,284,68360,1,299
2517,20060130,284,2834,1,129
2567,20060131,2220,2761,2,82
2599,20060131,332,69542,7,0
2599,20060131,332,69542,1,0
2622,20060131,977,67515,3,237
2721,20060202,1246,26471,1,400
2725,20060202,139,55436,1,37
2861,20060203,542,66205,1,115
2871,20060204,1121,57303,1,649
2920,20060204,2501,69947,1,4688
2920,20060204,2501,68425,1,129
2920,20060204,2501,64217,1,399
3016,20060205,284,69386,1,1990
3024,20060205,539,66040,1,1988
3041,20060206,1246,17630,1,1050
3044,20060206,1276,69968,2,5760
3321,20060209,1982,67833,1,1499
3321,20060209,1982,54462,1,278
3321,20060209,1982,67754,1,7988
3344,20060209,2704,69265,1,400
3344,20060209,2704,63042,1,0
3344,20060209,2704,67996,1,1990
3344,20060209,2704,16886,1,59
3354,20060209,449,61414,1,1888
3354,20060209,449,69957,1,649
3372,20060210,1121,17357,1,880
3372,20060210,1121,16959,1,980
3415,20060210,2747,67886,1,99
3423,20060210,284,37420,1,269
3487,20060211,2778,69833,1,399
3508,20060211,637,66939,1,249
3575,20060212,2800,40513,1,480
3585,20060212,2814,67653,1,1999
3604,20060212,742,51399,1,765
3618,20060213,1246,68375,1,599
3618,20060213,1246,68375,1,599
3660,20060213,2843,16681,1,55
3676,20060213,87,17610,1,615
3755,20060215,1679,58002,1,730
3879,20060216,449,67824,1,37600
3879,20060216,449,67824,1,37605
3879,20060216,449,57303,1,649
3894,20060217,1096,49749,1,2
3923,20060217,2704,39949,2,1260
3923,20060217,2704,39948,2,790
3925,20060217,284,66813,1,119
3977,20060218,1500,69542,1,0
4005,20060218,284,2762,1,50
4007,20060218,2956,67996,1,1990
4007,20060218,2956,67996,1,1990
4007,20060218,2956,67996,1,1990
4007,20060218,2956,67996,1,1990
4007,20060218,2956,67996,1,1990
4150,20060220,1479,66205,1,115
4150,20060220,1479,63687,1,109
4176,20060220,287,40513,1,480
4254,20060221,3059,54816,1,99
4307,20060222,2800,64783,1,169
4344,20060223,1121,58086,1,199
4344,20060223,1121,61151,1,209
4371,20060223,1982,70293,1,1499
4371,20060223,1982,67754,1,7998
4480,20060224,62,67886,1,99
4534,20060225,2995,70081,1,3490
4539,20060225,3133,68291,1,12630
4631,20060226,332,69542,4,0
4673,20060227,2393,63440,1,179
4692,20060227,332,69542,1,0
4712,20060228,1096,17560,1,620
4712,20060228,1096,17559,1,705
4748,20060228,3212,67483,1,9000
4748,20060228,3212,65153,1,1900
4776,20060301,1117,62123,1,289
4819,20060301,3233,59920,1,68
4819,20060301,3233,59920,1,68
4819,20060301,3233,52673,1,460
4830,20060301,449,65739,1,4399
4830,20060301,449,57303,1,649
4830,20060301,449,38701,1,110
4904,20060303,1500,17475,1,1120
4944,20060303,332,58087,1,249
4984,20060304,1982,48551,1,219
4984,20060304,1982,16782,1,230
5080,20060305,284,66609,1,35110
5080,20060305,284,67754,2,15798
5080,20060305,284,65153,2,3398
5252,20060307,449,67460,1,399
5252,20060307,449,67460,1,399
5322,20060308,915,2814,1,95
5387,20060309,449,49748,1,3
5387,20060309,449,54214,1,399
5387,20060309,449,54214,1,399
5387,20060309,449,70093,1,379
5387,20060309,449,70093,1,379
5387,20060309,449,70676,1,1799
5408,20060310,1286,64868,1,369
5453,20060310,450,70646,1,999
5527,20060311,3429,67056,1,289
5533,20060311,3438,50984,1,349
5533,20060311,3438,65152,1,990
5558,20060312,1096,48862,2,0
5640,20060312,539,69542,1,0
5689,20060313,2942,70413,1,0
5701,20060313,3482,69945,1,3099
5701,20060313,3482,48862,3,0
5701,20060313,3482,16886,1,59
5713,20060313,977,63042,1,100
5721,20060314,1500,2808,1,129
5721,20060314,1500,54816,1,99
5763,20060314,3482,70279,1,19998
5763,20060314,3482,48862,21,0
5828,20060315,332,49748,1,3
5840,20060315,3508,65711,1,299
5840,20060315,3508,61484,1,179
5906,20060316,332,70279,1,19998
5906,20060316,332,70279,1,22900
5906,20060316,332,48862,20,0
5930,20060316,915,44857,1,349
5983,20060317,3529,66570,1,400
5983,20060317,3529,63042,1,0
6041,20060318,2814,16780,1,95
6087,20060319,1006,65186,1,6888
6087,20060319,1006,65186,1,7999
6087,20060319,1006,64707,1,129
6087,20060319,1006,59768,1,190
6098,20060319,1286,2805,1,55
6129,20060319,287,69771,1,999
6151,20060319,3567,69266,1,400
6151,20060319,3567,68360,1,299
6151,20060319,3567,63042,1,0
6249,20060320,742,51397,1,620
6253,20060320,923,62123,1,289
6282,20060321,1982,67459,1,1499
6282,20060321,1982,69548,1,499
6282,20060321,1982,67754,1,7990
6300,20060321,3596,66568,1,400
6300,20060321,3596,66569,1,400
6300,20060321,3596,64665,1,429
6300,20060321,3596,64665,1,429
6300,20060321,3596,63042,1,0
6300,20060321,3596,51333,1,399
6300,20060321,3596,51333,1,399
6344,20060322,1944,16779,1,85
6346,20060322,2205,54214,1,399
6422,20060323,332,48862,2,0
6462,20060324,1944,48862,3,0
6462,20060324,1944,68840,1,295
6462,20060324,1944,59832,1,1380
6492,20060324,449,40233,1,670
6539,20060325,332,69542,2,0
6611,20060326,332,69542,1,0
6634,20060326,3675,69960,1,1988
6634,20060326,3675,2814,1,95
6671,20060327,1500,54816,1,99
6703,20060327,449,54214,3,1197
6703,20060327,449,54831,1,399
6706,20060327,637,57468,1,699
6709,20060327,915,35818,2,90
6709,20060327,915,68420,1,369
6709,20060327,915,40233,1,670
6737,20060328,1930,70413,1,0
6737,20060328,1930,70413,1,0
6737,20060328,1930,70413,1,0
6749,20060328,3127,69726,1,32
6749,20060328,3127,68840,1,295
6749,20060328,3127,61151,1,209
6755,20060328,332,67313,1,1799
6755,20060328,332,69542,2,0
6755,20060328,332,66816,1,1990
6755,20060328,332,69506,1,4000
6755,20060328,332,65186,1,6888
6755,20060328,332,61484,1,130
6923,20060331,2239,67340,1,269
6923,20060331,2239,63498,1,699
6949,20060331,637,69548,1,499
6949,20060331,637,49598,1,189
7058,20060402,198,59731,1,99
7059,20060402,1982,54831,1,399
7162,20060403,3785,71157,1,6999
7166,20060403,3794,17358,1,940
7289,20060405,2995,70546,1,679
7296,20060405,332,69744,1,1499
7296,20060405,332,69744,1,1499
7296,20060405,332,65376,1,1750
7296,20060405,332,62763,1,259
7296,20060405,332,61485,1,179
7296,20060405,332,69997,1,239
7299,20060405,3675,70413,1,0
7299,20060405,3675,70413,1,0
7318,20060405,527,67754,1,7999
7318,20060405,527,54817,1,99
7320,20060405,539,67996,1,1990
7325,20060405,62,59859,1,649
7358,20060406,1944,67368,1,330
7375,20060406,3508,55190,1,170
7460,20060407,542,51157,2,1090
7465,20060407,805,51157,1,545
7465,20060407,805,51159,1,330
7465,20060407,805,69771,1,999
7504,20060408,2956,52902,1,699
7504,20060408,2956,52902,1,699
7518,20060408,3855,70501,1,20610
7518,20060408,3855,49329,1,100
7526,20060408,539,48862,1,0
7526,20060408,539,41244,1,110
7532,20060409,1006,70279,1,24110
7562,20060409,2300,68034,1,2990
7562,20060409,2300,41263,1,110
7580,20060409,3868,68549,1,24819
7580,20060409,3868,68549,1,24999
7584,20060409,3873,61484,1,179
7656,20060410,637,61528,1,439
7656,20060410,637,40233,1,670
7659,20060411,1006,65497,1,329
7666,20060411,1335,66185,1,159
7666,20060411,1335,71296,1,679
7702,20060411,3508,62492,1,390
7708,20060411,3855,69528,1,249
7759,20060412,284,26465,1,500
7769,20060412,332,26465,1,6400
7806,20060413,1246,51397,1,620
7911,20060414,2122,48862,1,0
7911,20060414,2122,69730,1,359
7911,20060414,2122,39948,2,695
7911,20060414,2122,67364,1,285
7911,20060414,2122,67364,1,290
7911,20060414,2122,67366,1,290
7911,20060414,2122,67368,2,581
7951,20060414,332,69997,1,149
7951,20060414,332,69997,1,149
8022,20060414,921,2809,2,232
8022,20060414,921,2808,2,232
8022,20060414,921,2812,5,495
8022,20060414,921,51398,5,3146
8022,20060414,921,51398,1,715
8096,20060415,2800,68293,1,11980
8173,20060415,4011,64268,1,490
8173,20060415,4011,70521,1,299
8173,20060415,4011,61564,2,1998
8178,20060415,539,26466,1,500
8254,20060416,1982,67653,3,3870
8254,20060416,1982,67653,3,5288
8293,20060416,2747,70413,1,0
8293,20060416,2747,70630,1,149
8293,20060416,2747,70630,1,150
8306,20060416,2989,69249,1,999
8314,20060416,3233,70127,1,1988
8478,20060417,1677,69997,1,149
8478,20060417,1677,69997,1,149
8492,20060417,1982,64217,2,498
8532,20060417,2995,67622,1,11201
8532,20060417,2995,59067,1,239
8532,20060417,2995,69771,1,999
8550,20060417,332,70997,1,8551
8550,20060417,332,69997,1,149
8550,20060417,332,69771,1,999
8626,20060417,539,2809,1,116
8626,20060417,539,2814,1,85
8652,20060417,92,54161,1,1688
8652,20060417,92,70094,1,269
8652,20060417,92,69913,1,1688
8668,20060418,1246,57344,1,800
8684,20060418,1672,70279,1,24110
8714,20060418,4126,69266,1,400
8714,20060418,4126,63042,1,0
8714,20060418,4126,68950,1,13280
8718,20060418,450,67003,1,3290
8747,20060419,1729,68951,1,13280
8747,20060419,1729,66406,1,2380
8764,20060419,332,71080,1,8990
8764,20060419,332,55963,1,999
8807,20060420,1679,55539,1,199
8897,20060421,4163,67368,2,660
8939,20060422,2393,48862,4,0
8950,20060422,332,70413,1,0
8950,20060422,332,70413,1,0
8979,20060422,805,51158,1,330
8979,20060422,805,51157,1,545
9097,20060424,1672,67206,1,299
9123,20060424,3610,40069,1,149
9123,20060424,3610,70631,1,299
9193,20060425,3330,71249,1,1499
9215,20060425,637,51399,1,765
9215,20060425,637,51399,1,765
9312,20060427,284,54816,1,99
9312,20060427,284,70682,1,997
9312,20060427,284,61409,1,1380
9317,20060427,332,2842,1,45
9369,20060428,2747,70413,1,0
9369,20060428,2747,70413,1,0
9430,20060429,1726,2762,1,50
9430,20060429,1726,71626,1,499
9430,20060429,1726,66337,1,299
9430,20060429,1726,2814,1,95
9430,20060429,1726,2813,1,95
9525,20060430,1096,53150,1,499
9525,20060430,1096,53150,1,499
9570,20060430,2814,54817,1,99
9575,20060430,2956,70501,1,19209
9575,20060430,2956,70102,1,599
9575,20060430,2956,71476,1,6999
9584,20060430,332,68950,1,12300
9669,20060501,2956,70413,1,0
9669,20060501,2956,70413,1,0
9669,20060501,2956,70413,1,0
9701,20060501,539,67979,1,30
9701,20060501,539,67979,1,30
9761,20060502,332,70800,1,168
9949,20060505,2787,67570,1,349
10012,20060506,2122,67365,1,330
10157,20060508,1672,59832,1,1380
10296,20060510,1672,65675,1,553
10296,20060510,1672,61409,1,1380
10297,20060510,1677,56914,2,138
10343,20060511,1246,68769,5,180
10344,20060511,1335,65938,1,19999
10501,20060513,1672,65935,1,48410
10535,20060513,332,66816,1,1688
10535,20060513,332,67187,1,224
10535,20060513,332,67187,1,249
10553,20060513,4389,69266,1,400
10553,20060513,4389,63042,1,0
10553,20060513,4389,71726,1,4998
10561,20060513,450,67651,1,1699
10565,20060513,527,16693,1,65
10575,20060513,805,51159,1,330
10575,20060513,805,51160,1,330
10575,20060513,805,51157,1,545
10615,20060514,1679,70800,1,99
10657,20060514,3127,71895,1,1499
10660,20060514,332,26465,1,800
10660,20060514,332,26465,1,450
10667,20060514,3794,69512,1,289
10794,20060516,1944,71825,1,1599
10832,20060516,915,69726,3,96
10892,20060517,977,51602,1,58
10901,20060518,1479,71500,1,369
10901,20060518,1479,64687,1,499
10901,20060518,1479,53150,1,499
10931,20060518,2800,16779,1,85
10931,20060518,2800,71312,1,59
10931,20060518,2800,71312,1,59
10940,20060518,3437,66569,1,400
10940,20060518,3437,63042,1,0
10940,20060518,3437,70413,1,0
10968,20060519,1246,63712,1,459
11013,20060519,3610,67512,1,189
11013,20060519,3610,69165,1,279
11016,20060519,3827,3009,1,99
11074,20060520,2956,63922,1,35
11074,20060520,2956,63924,1,55
11136,20060521,1726,68035,1,3446
11168,20060521,3785,39948,1,395
11230,20060522,284,55215,1,65
11251,20060522,637,51398,1,715
11267,20060523,1500,70970,1,499
11285,20060523,2239,67511,1,189
11285,20060523,2239,70984,1,499
11347,20060524,1686,69133,1,34000
11416,20060525,1672,62483,1,329
11416,20060525,1672,62483,1,349
11416,20060525,1672,65675,2,1106
11424,20060525,2205,70677,1,249
11424,20060525,2205,61989,1,579
11434,20060525,2843,58087,2,498
11442,20060525,3429,50544,1,399
11476,20060526,1479,70413,1,0
11509,20060526,3567,70411,1,1499
11509,20060526,3567,2781,1,50
11572,20060527,2800,62533,1,129
11604,20060527,450,64110,1,9999
11604,20060527,450,70984,1,499
11702,20060529,1117,70050,1,988
11702,20060529,1117,67186,1,249
11746,20060529,4515,70685,1,1495
11789,20060530,2956,61485,1,179
11840,20060531,2122,66568,1,400
11840,20060531,2122,63042,1,0
11868,20060531,3785,39948,1,395
11868,20060531,3785,39949,1,630
11889,20060531,539,40236,1,581
11913,20060601,1672,40069,1,149
11915,20060601,1686,51397,1,620
11957,20060601,915,40234,1,1056
11967,20060602,1246,62127,2,998
12063,20060603,3233,67754,1,6998
12127,20060604,198,71312,1,59
12127,20060604,198,68837,1,499
12137,20060604,2814,72315,1,1499
12137,20060604,2814,2814,1,95
12137,20060604,2814,2814,1,95
12141,20060604,2995,64598,1,2510
12148,20060604,332,70413,1,0
12148,20060604,332,70413,1,0
12151,20060604,3429,55219,1,130
12151,20060604,3429,55217,1,90
12151,20060604,3429,55215,1,65
12223,20060605,2956,16784,1,340
12301,20060606,2800,40234,1,1056
12332,20060606,637,40237,1,681
12332,20060606,637,51399,1,765
12433,20060608,1677,64331,1,220
12501,20060609,1672,46336,1,230
12517,20060609,332,71118,1,32445
12521,20060609,3596,69726,2,64
12666,20060611,2307,67365,1,330
12666,20060611,2307,67364,1,330
12666,20060611,2307,67366,1,330
12666,20060611,2307,67368,1,330
12680,20060611,284,2814,1,95
12680,20060611,284,2814,1,95
12680,20060611,284,17560,1,620
12680,20060611,284,17559,1,705
12681,20060611,2989,16778,1,60
12681,20060611,2989,16785,1,700
12729,20060612,1246,55539,1,199
12729,20060612,1246,65675,1,552
12729,20060612,1246,65674,1,479
12729,20060612,1246,65674,1,480
12729,20060612,1246,65675,1,552
12729,20060612,1246,65674,1,479
12763,20060612,3127,61409,1,1380
12792,20060612,977,2816,2,186
12792,20060612,977,40233,1,634
12792,20060612,977,40233,1,634
12792,20060612,977,40234,1,1056
12797,20060613,1246,17475,1,1055
12797,20060613,1246,16960,1,950
12870,20060614,1479,61485,1,179
12912,20060614,449,70521,1,299
12922,20060614,637,66205,2,230
12922,20060614,637,66205,2,230
12961,20060615,2704,67653,1,1290
12974,20060615,3482,64868,1,299
12974,20060615,3482,34647,1,820
12974,20060615,3482,43945,1,495
12974,20060615,3482,43944,1,495
12974,20060615,3482,43943,1,495
13040,20060616,3610,71644,1,199
13092,20060617,1686,63844,1,999
13130,20060617,3429,71369,1,599
13156,20060617,4687,69266,1,400
13156,20060617,4687,63042,1,0
13163,20060617,542,51157,1,545
13163,20060617,542,51160,1,330
13163,20060617,542,51159,1,330
13163,20060617,542,51158,1,330
13163,20060617,542,51157,1,545
13225,20060618,332,70413,1,0
13229,20060618,3567,58160,1,400
13229,20060618,3567,69952,1,6998
13229,20060618,3567,55230,1,80
13229,20060618,3567,55217,1,90
13229,20060618,3567,55259,1,95
13268,20060618,805,51157,1,545
13285,20060619,1446,66816,1,1888
13352,20060620,1121,71631,2,498
13352,20060620,1121,71631,2,498
13387,20060620,3429,71763,1,1790
13400,20060620,4687,56059,1,179
13541,20060622,3675,55225,1,320
13571,20060623,1479,71630,1,439
13571,20060623,1479,49749,1,2
13571,20060623,1479,55218,1,130
13571,20060623,1479,66593,1,305
13571,20060623,1479,54816,1,99
13571,20060623,1479,71786,1,799
13629,20060624,1246,65186,1,5888
13673,20060624,2942,67187,1,249
13673,20060624,2942,71296,1,679
13722,20060624,4745,58160,1,400
13722,20060624,4745,63042,1,0
13739,20060625,1286,3014,1,380
13787,20060625,3785,67274,1,199
13788,20060625,3794,67754,1,6998
13822,20060626,1096,63982,1,499
13822,20060626,1096,70787,1,12351
13826,20060626,1246,40236,1,581
13852,20060626,2307,2867,1,85
13920,20060627,198,70293,1,1499
13920,20060627,198,16672,1,70
13920,20060627,198,58089,1,349
13920,20060627,198,58086,1,199
14044,20060628,655,55187,1,105
14101,20060629,4780,40236,1,581
14101,20060629,4780,40236,1,581
14143,20060630,332,72499,1,2290
14171,20060630,4785,72679,1,10990
14189,20060630,805,51158,1,330
14216,20060701,1944,67368,1,330
14216,20060701,1944,67366,1,330
14216,20060701,1944,67364,1,330
14249,20060701,4608,40233,1,634
14297,20060702,1982,71764,1,199
14297,20060702,1982,69771,1,769
14360,20060703,1246,51400,4,2220
14360,20060703,1246,51397,4,2480
14388,20060703,2307,59730,1,99
14394,20060703,284,68197,1,999
14445,20060704,1246,51400,1,555
14445,20060704,1246,51399,1,765
14445,20060704,1246,51399,1,765
14461,20060704,1944,70304,1,499
14520,20060704,915,70547,1,389
14543,20060705,198,72383,1,449
14578,20060705,4834,58160,1,400
14578,20060705,4834,63042,1,0
14578,20060705,4834,70413,1,0
14578,20060705,4834,70413,1,0
14578,20060705,4834,70413,1,0
14578,20060705,4834,70413,1,0
14622,20060706,2393,72499,1,2590
14649,20060706,4436,51333,1,419
14677,20060707,1121,69715,5,1195
14677,20060707,1121,68767,1,499
14724,20060707,4163,67868,1,4990
14747,20060708,1121,71372,1,990
14804,20060708,4842,16806,1,80
14831,20060709,139,16781,1,140
14853,20060709,2122,52134,1,399
14853,20060709,2122,67368,1,330
14853,20060709,2122,67364,1,330
14861,20060709,2814,67754,1,6998
14862,20060709,284,2760,1,51
14862,20060709,284,2781,1,50
14862,20060709,284,40236,1,581
14891,20060709,4866,66570,1,400
14891,20060709,4866,63042,1,0
14891,20060709,4866,70413,1,0
14891,20060709,4866,70413,1,0
14936,20060710,1982,62814,1,99
14952,20060710,332,70413,1,0
14977,20060710,4876,58160,1,400
14977,20060710,4876,63042,1,0
14977,20060710,4876,64791,1,299
14991,20060711,1006,71372,1,990
15029,20060711,3065,71897,1,3290
15029,20060711,3065,54831,1,399
15074,20060712,1335,61636,1,769
15088,20060712,2122,34645,2,1820
15091,20060712,2307,3013,1,219
15095,20060712,284,72461,1,1888
15095,20060712,284,72462,1,999
15103,20060712,3855,70506,2,7980
15103,20060712,3855,70506,1,3990
15103,20060712,3855,70506,1,3990
15164,20060713,284,16779,1,85
15164,20060713,284,63949,1,229
15202,20060714,1246,66818,3,1947
15209,20060714,139,73102,1,699
15255,20060714,2239,65630,1,107
15298,20060714,338,67720,1,998
15298,20060714,338,67720,7,6986
15305,20060714,3610,2867,1,76
15305,20060714,3610,2867,1,76
15305,20060714,3610,72466,1,1499
15335,20060714,450,63042,1,100
15365,20060714,4922,72320,1,29443
15365,20060714,4922,48863,1,0
15365,20060714,4922,69266,1,400
15365,20060714,4922,63042,1,0
15369,20060714,4926,48863,1,0
15369,20060714,4926,58160,1,400
15369,20060714,4926,63042,1,0
15369,20060714,4926,67653,1,1198
15369,20060714,4926,54817,1,89
15476,20060715,2239,67720,1,998
15503,20060715,3059,26466,1,200
15518,20060715,3567,73045,1,7998
15518,20060715,3567,2808,1,89
15518,20060715,3567,2808,1,89
15518,20060715,3567,72752,1,289
15568,20060715,4922,72752,1,289
15568,20060715,4922,72752,1,289
15568,20060715,4922,69725,1,149
15608,20060715,742,69834,1,185
15617,20060715,87,48863,1,0
15617,20060715,87,58160,1,400
15617,20060715,87,59730,1,79
15617,20060715,87,63042,1,0
15621,20060715,923,62426,1,1990
15670,20060716,1677,43788,1,2025
15723,20060716,2787,72320,1,29443
15723,20060716,2787,67366,1,10
15741,20060716,3292,46336,1,207
15753,20060716,3675,58850,1,359
15823,20060716,4981,71249,1,999
15823,20060716,4981,48863,1,0
15823,20060716,4981,69266,1,400
15823,20060716,4981,63042,1,0
15904,20060717,1335,69945,1,1999
15908,20060717,139,72219,1,6499
15908,20060717,139,16783,1,261
15908,20060717,139,2808,1,89
15955,20060717,198,55254,1,55
15955,20060717,198,55254,1,55
15968,20060717,2307,73102,1,699
15979,20060717,2549,71787,1,12900
15979,20060717,2549,71785,1,1299
16026,20060717,3292,70293,1,1299
16027,20060717,332,70546,1,699
16083,20060717,449,72466,1,1499
16083,20060717,449,71785,1,1299
16084,20060717,4515,73090,1,19990
16110,20060717,4981,70413,1,0
16117,20060717,5005,68247,1,1699
16143,20060717,539,72010,1,13980
16143,20060717,539,66406,1,1000
16171,20060717,805,51157,1,545
16186,20060717,977,72217,1,6499
16186,20060717,977,71569,1,12700
16186,20060717,977,40233,1,534
16186,20060717,977,40233,1,571
16186,20060717,977,40234,1,950
16186,20060717,977,40233,1,534
16186,20060717,977,40234,1,950
16186,20060717,977,40233,1,571
16186,20060717,977,69771,1,699
16194,20060718,1246,62123,1,289
16194,20060718,1246,71181,1,399
16194,20060718,1246,71181,1,399
16231,20060718,332,72291,1,142
16231,20060718,332,67754,1,6498
16231,20060718,332,69998,1,210
16257,20060718,542,65674,1,480
16297,20060719,284,62483,1,349
16451,20060721,332,65955,1,1090
16451,20060721,332,69771,1,769
16470,20060721,542,59731,1,99
16541,20060722,4608,40236,1,581
16541,20060722,4608,40237,1,681
16552,20060722,5051,58160,1,400
16552,20060722,5051,63042,1,0
16631,20060723,4515,70413,1,0
16652,20060724,1117,39949,1,630
16652,20060724,1117,39948,1,395
16709,20060724,4967,70413,1,0
16757,20060725,284,70413,1,0
16764,20060725,332,71184,1,24345
16764,20060725,332,67754,1,6666
16908,20060727,2787,72169,1,130
16911,20060727,284,65361,1,2590
16911,20060727,284,71612,1,1299
16952,20060727,4967,70413,1,0
16963,20060728,1006,70413,1,0
16990,20060728,1677,73446,1,2990
16998,20060728,2205,2808,1,99
17003,20060728,284,3009,1,107
17003,20060728,284,63924,2,110
17003,20060728,284,72751,4,516
17019,20060728,4687,2787,1,65
17045,20060729,1121,73157,2,1380
17050,20060729,1335,73301,1,888
17050,20060729,1335,71786,1,699
17068,20060729,2036,71645,1,249
17085,20060729,284,69167,1,279
17134,20060729,977,71054,1,1299
17141,20060730,1286,69379,1,599
17161,20060730,198,16784,1,340
17183,20060730,3330,67340,1,149
17196,20060730,3794,67148,1,650
17220,20060730,5096,69266,1,400
17220,20060730,5096,66186,1,249
17220,20060730,5096,26466,1,500
17220,20060730,5096,63042,1,0
17259,20060731,1686,63498,1,399
17282,20060731,3610,38714,1,130
17348,20060801,2995,72099,1,129
17354,20060801,4785,72695,2,17960
17403,20060802,1982,69879,1,4490
17403,20060802,1982,65675,1,525
17413,20060802,284,2836,1,51
17417,20060802,3429,72189,1,150
17440,20060802,542,65675,1,553
17440,20060802,542,65674,1,480
17450,20060802,921,71420,1,530
17450,20060802,921,72510,2,238
17477,20060803,2205,64216,1,509
17490,20060803,2843,72723,1,5999
17616,20060805,1677,70519,1,39
17616,20060805,1677,70519,1,39
17616,20060805,1677,70677,1,259
17645,20060805,3233,26952,1,90
17646,20060805,332,73705,1,6498
17673,20060805,527,69512,1,289
17683,20060806,1118,66568,1,400
17683,20060806,1118,63042,1,0
17683,20060806,1118,66271,1,195
17683,20060806,1118,72464,1,699
17719,20060806,284,2808,1,99
17719,20060806,284,2809,1,99
17739,20060806,4126,63440,1,179
17809,20060807,2787,54450,1,389
17811,20060807,2989,49749,1,3
17811,20060807,2989,41263,1,107
17924,20060808,539,39948,1,395
17924,20060808,539,39949,1,630
17955,20060809,2122,52902,1,699
17955,20060809,2122,63711,1,399
17957,20060809,2239,66847,1,359
17996,20060809,637,65250,1,399
18015,20060810,1500,68034,1,2590
18015,20060810,1500,72462,1,699
18051,20060810,332,68950,1,10431
18051,20060810,332,62584,1,1000
18069,20060810,4515,67003,1,2690
18127,20060811,3567,69380,1,4999
18238,20060812,5181,51333,1,299
18300,20060813,2307,2840,1,45
18300,20060813,2307,2834,1,129
18300,20060813,2307,2802,1,129
18480,20060815,2393,72319,1,24345
18608,20060817,1121,73151,1,659
18679,20060818,1118,72320,1,28277
18679,20060818,1118,40071,1,299
18679,20060818,1118,66433,1,100
18893,20060820,3233,72217,1,6488
18934,20060820,655,70630,1,199
18944,20060821,1006,70800,1,168
19041,20060822,3059,70547,1,389
19066,20060822,5239,52902,1,699
19119,20060823,2713,58160,1,400
19119,20060823,2713,63042,1,0
19171,20060824,1335,65118,1,998
19187,20060824,1982,70413,1,0
19207,20060824,3127,71517,1,1688
19300,20060825,3558,66568,1,400
19300,20060825,3558,26465,1,800
19300,20060825,3558,63042,1,0
19300,20060825,3558,70413,1,0
19375,20060826,1686,60376,1,199
19386,20060826,2036,70293,1,1290
19390,20060826,2205,70413,1,0
19438,20060826,450,54817,1,99
19619,20060828,1672,73170,1,4999
19826,20060830,332,71312,1,59
19826,20060830,332,72466,1,999
19864,20060830,637,40233,1,634
19879,20060831,1276,69729,1,399
19879,20060831,1276,2814,1,95
19924,20060831,332,70000,1,5999
19924,20060831,332,72466,2,1998
19986,20060901,1686,73092,1,1290
20005,20060901,332,73705,1,6000
20033,20060901,539,73170,1,4999
20060,20060902,1246,61600,1,499
20083,20060902,1726,70413,1,0
20112,20060902,2747,71967,1,239
20118,20060902,284,70676,1,599
20275,20060903,4749,72254,1,99
20349,20060904,2956,71826,1,1299
20398,20060904,542,65674,2,960
20489,20060905,5348,72217,1,6488
20489,20060905,5348,72217,1,6499
20492,20060905,5351,17357,1,1015
20565,20060906,4780,40236,1,581
20565,20060906,4780,40236,1,581
20566,20060906,4785,72218,3,23997
20566,20060906,4785,72218,3,24979
20637,20060907,3596,55250,1,65
20637,20060907,3596,65709,1,399
20728,20060908,4981,71079,1,3992
20728,20060908,4981,65118,1,998
20730,20060908,5005,58160,1,400
20730,20060908,5005,63042,1,0
20777,20060909,1686,72010,1,14082
20777,20060909,1686,66406,1,1000
20801,20060909,287,58316,2,798
20801,20060909,287,58316,1,449
20801,20060909,287,58316,1,449
20874,20060909,805,51157,1,545
20882,20060910,1121,72463,1,999
21051,20060911,4785,65119,2,1198
21051,20060911,4785,70413,1,0
21075,20060912,1121,17357,1,1015
21081,20060912,1464,74769,1,400
21081,20060912,1464,63042,1,0
21081,20060912,1464,64217,1,299
21092,20060912,1686,64840,1,399
21139,20060912,4011,73769,1,880
21159,20060912,655,51397,2,1240
21197,20060913,3212,49749,1,2
21205,20060913,3482,17559,2,1410
21312,20060914,4515,56392,1,380
21312,20060914,4515,56392,1,380
21312,20060914,4515,72466,2,1998
21312,20060914,4515,69957,1,649
21319,20060914,4854,72646,1,399
21584,20060917,3127,49749,1,2
21584,20060917,3127,70413,1,0
21660,20060918,1117,39948,1,395
21741,20060918,5437,66569,1,400
21741,20060918,5437,63042,1,0
21741,20060918,5437,70413,1,0
21868,20060920,3212,37422,1,399
21987,20060921,637,41263,1,110
22176,20060923,5455,58160,1,400
22176,20060923,5455,63042,1,0
22253,20060924,2956,60408,1,1150
22263,20060924,332,2808,2,50
22263,20060924,332,2809,2,50
22283,20060924,450,69946,1,1199
22283,20060924,450,49748,1,3
22283,20060924,450,66683,1,299
22283,20060924,450,70058,1,99
22316,20060924,5468,66569,1,400
22316,20060924,5468,63042,1,0
22316,20060924,5468,74493,1,5999
22346,20060925,1335,70413,1,0
22420,20060925,542,65674,1,480
22420,20060925,542,65675,1,553
22445,20060926,1286,70413,1,0
22465,20060926,1982,73101,1,4990
22521,20060927,1246,2809,2,218
22591,20060927,4687,17475,2,2112
22591,20060927,4687,16960,1,951
22591,20060927,4687,67644,1,1650
22594,20060927,4749,65709,1,399
22694,20060928,977,71055,1,1449
22694,20060928,977,16672,1,70
22739,20060929,3212,68949,1,699
22739,20060929,3212,71786,1,699
22792,20060930,1686,71957,1,9902
22792,20060930,1686,71763,1,998
22925,20061001,2942,74103,2,776
22925,20061001,2942,49748,1,3
22925,20061001,2942,38715,1,140
22946,20061001,4842,70328,1,7600
22946,20061001,4842,58316,1,399
22970,20061001,637,71367,1,599
22976,20061001,92,64868,1,299
22976,20061001,92,70989,1,499
23063,20061002,977,16779,1,85
23063,20061002,977,71935,1,149
23099,20061003,2747,67340,1,199
23103,20061003,284,74947,1,1099
23175,20061004,1726,71952,1,399
23208,20061004,4515,73587,1,369
23308,20061005,542,72647,1,284
23308,20061005,542,65675,1,553
23308,20061005,542,65674,1,480
23353,20061006,2956,71560,2,3980
23353,20061006,2956,71560,1,1990
23382,20061006,539,26465,1,300
23392,20061006,5521,69265,1,400
23392,20061006,5521,63042,1,0
23432,20061007,2307,73251,1,199
23442,20061007,284,50984,1,349
23479,20061007,539,54280,1,55
23481,20061007,542,65674,1,480
23505,20061008,1121,74106,1,29
23505,20061008,1121,74007,1,49
23518,20061008,1335,74000,1,39
23518,20061008,1335,74106,1,29
23518,20061008,1335,74007,1,49
23524,20061008,1464,2867,1,99
23524,20061008,1464,74008,1,49
23535,20061008,1686,74000,1,39
23535,20061008,1686,74007,1,49
23535,20061008,1686,55436,1,9
23572,20061008,2713,74000,1,39
23572,20061008,2713,74106,1,29
23572,20061008,2713,74008,1,49
23578,20061008,284,74106,1,29
23578,20061008,284,74007,1,49
23589,20061008,3233,57550,1,49
23589,20061008,3233,59920,1,79
23589,20061008,3233,59920,1,79
23589,20061008,3233,59920,1,79
23589,20061008,3233,59920,1,79
23589,20061008,3233,59920,1,79
23589,20061008,3233,55436,1,9
23736,20061009,284,67515,1,29
23759,20061009,3855,56266,1,349
23760,20061009,3868,69265,1,400
23760,20061009,3868,63042,1,0
23943,20061011,2224,70986,1,998
24024,20061012,2307,72219,1,5999
24029,20061012,2704,72270,1,39
24035,20061012,3212,58931,1,510
24059,20061012,539,52133,1,429
24078,20061013,1121,64704,1,49
24092,20061013,1500,72750,1,479
24102,20061013,1686,52604,1,999
24102,20061013,1686,70413,1,0
24102,20061013,1686,70413,1,0
24123,20061013,2989,57243,1,199
24129,20061013,332,75092,1,37500
24139,20061013,4687,72094,1,499
24153,20061013,637,70413,1,0
24193,20061014,1686,70792,1,7490
24260,20061014,5521,26465,1,400
24260,20061014,5521,2837,1,19
24260,20061014,5521,2837,1,19
24260,20061014,5521,2837,1,19
24260,20061014,5521,2837,1,19
24260,20061014,5521,2837,1,19
24269,20061014,805,51157,1,545
24269,20061014,805,51159,1,330
24335,20061015,332,70413,1,0
24351,20061015,4126,66406,1,1380
24421,20061016,1677,72290,1,288
24432,20061016,2194,73250,1,119
24432,20061016,2194,75257,1,129
24473,20061016,5577,69266,1,400
24473,20061016,5577,63042,1,0
24486,20061017,1118,70097,1,129
24535,20061017,4780,72219,1,5998
24602,20061018,3212,16694,1,220
24672,20061019,332,73428,1,399
24710,20061020,1276,62123,1,289
24710,20061020,1276,70971,1,359
24730,20061020,2030,69998,1,189
24736,20061020,2549,74998,1,168
24736,20061020,2549,70413,1,0
24781,20061020,539,74657,1,349
24781,20061020,539,43945,1,495
24781,20061020,539,43943,1,495
24781,20061020,539,43944,1,495
24804,20061021,1121,60144,1,9
24824,20061021,1672,40069,1,134
24824,20061021,1672,65549,1,4999
24899,20061021,5521,60144,1,9
24899,20061021,5521,60144,1,9
24915,20061022,1096,74731,1,129
24915,20061022,1096,64791,1,319
24993,20061022,5096,70413,1,0
25028,20061023,1464,69342,1,199
25072,20061023,3610,55203,1,170
25120,20061024,1686,56394,1,325
25135,20061024,2549,70413,1,0
25201,20061025,1246,56059,1,161
25281,20061026,1464,74856,1,681
25281,20061026,1464,74856,1,681
25301,20061026,2747,73984,4,520
25314,20061026,3438,70413,1,0
25356,20061027,1464,40233,1,634
25443,20061028,1464,59731,1,99
25465,20061028,1982,26466,1,300
25584,20061029,2501,73311,1,399
25592,20061029,2942,66816,1,2490
25592,20061029,2942,70413,1,0
25592,20061029,2942,70413,1,0
25716,20061030,977,59731,1,99
25868,20061101,542,73966,1,480
25868,20061101,542,73967,1,553
25887,20061102,1246,75339,1,4688
25912,20061102,2549,64329,1,115
25945,20061102,4967,40233,1,634
25945,20061102,4967,74856,1,681
25958,20061102,977,71629,1,499
25958,20061102,977,65674,1,480
26035,20061103,637,65250,1,399
26077,20061104,2122,67368,2,660
26159,20061105,139,70988,1,499
26243,20061105,742,74725,1,49
26243,20061105,742,62940,1,249
26277,20061106,2122,75862,1,169
26362,20061107,2393,71786,1,599
26410,20061108,1117,39948,1,395
26431,20061108,198,66593,1,359
26551,20061109,539,72462,1,699
26587,20061110,284,65082,1,399
26615,20061110,450,71055,1,1449
26615,20061110,450,49748,1,3
26615,20061110,450,75569,1,699
26627,20061110,542,73966,1,480
26660,20061111,1686,73529,1,3860
26874,20061113,4687,73485,1,6590
26882,20061113,539,72320,1,24998
26922,20061114,284,55222,1,280
27089,20061116,542,73966,1,480
27089,20061116,542,73967,1,553
27095,20061116,637,66089,1,199
27095,20061116,637,76240,1,169
27163,20061117,1672,74905,1,1099
27163,20061117,1672,73893,1,500
27164,20061117,1677,76254,1,899
27187,20061117,1982,74756,1,1199
27187,20061117,1982,72189,1,99
27187,20061117,1982,69997,1,99
27187,20061117,1982,69998,1,99
27187,20061117,1982,76254,1,899
27192,20061117,2036,58930,1,590
27244,20061117,2843,38714,1,117
27244,20061117,2843,54452,1,79
27293,20061117,3610,16780,1,95
27293,20061117,3610,71497,1,351
27355,20061117,449,69997,1,99
27401,20061117,539,26465,1,500
27418,20061117,5690,74855,1,940
27418,20061117,5690,40233,1,571
27418,20061117,5690,40233,1,571
27418,20061117,5690,76254,1,899
27424,20061117,5697,48863,1,0
27424,20061117,5697,69264,1,400
27424,20061117,5697,63042,1,0
27432,20061117,5705,48863,1,0
27432,20061117,5705,69266,1,400
27432,20061117,5705,63042,1,0
27432,20061117,5705,71417,1,4999
27432,20061117,5705,64512,1,1700
27432,20061117,5705,64512,1,1980
27476,20061117,923,73301,2,1598
27476,20061117,923,73301,1,1090
27506,20061118,1335,73705,1,6500
27510,20061118,139,73705,1,6500
27510,20061118,139,75667,1,249
27593,20061118,2704,71559,1,1960
27596,20061118,2747,72447,1,269
27624,20061118,332,73705,1,6500
27624,20061118,332,73705,1,6998
27625,20061118,3330,48863,1,0
27625,20061118,3330,75981,1,400
27625,20061118,3330,63042,1,0
27642,20061118,3675,72266,1,399
27642,20061118,3675,75638,1,269
27697,20061118,4785,75894,1,6498
27698,20061118,4825,66776,1,499
27783,20061118,805,51159,1,297
27783,20061118,805,51157,1,490
27783,20061118,805,51160,1,297
27799,20061119,1006,71910,1,3590
27799,20061119,1006,71910,1,3990
27937,20061119,284,72752,1,275
27937,20061119,284,72750,1,275
27960,20061119,3233,76254,1,899
27983,20061119,3558,72466,1,999
28001,20061119,3868,72466,1,899
28113,20061119,5764,48863,1,0
28113,20061119,5764,69265,1,400
28113,20061119,5764,63042,1,0
28153,20061119,92,75408,4,180
28153,20061119,92,74447,1,89
28154,20061119,923,76266,1,999
28154,20061119,923,72752,1,275
28154,20061119,923,76254,1,899
28197,20061120,1335,69726,1,32
28197,20061120,1335,72750,1,275
28225,20061120,1686,75662,1,16800
28225,20061120,1686,2760,1,54
28225,20061120,1686,54816,1,89
28225,20061120,1686,54816,1,89
28244,20061120,1982,76266,1,999
28249,20061120,2030,67364,1,297
28249,20061120,2030,67365,1,297
28249,20061120,2030,67366,1,297
28260,20061120,2205,74852,1,39
28289,20061120,2549,64331,1,220
28344,20061120,3212,55265,1,65
28365,20061120,3558,66187,1,134
28437,20061120,450,74883,1,11850
28437,20061120,450,75069,1,1400
28498,20061120,539,75787,1,7498
28510,20061120,5697,76005,1,22990
28510,20061120,5697,26466,1,400
28510,20061120,5697,70765,1,101
28517,20061120,5781,48863,1,0
28517,20061120,5781,74769,1,400
28517,20061120,5781,63042,1,0
28544,20061120,637,51398,1,643
28575,20061120,915,66776,1,499
28575,20061120,915,72265,1,399
28577,20061120,977,26466,1,500
28577,20061120,977,2809,2,227
28625,20061121,3233,75122,1,149
28640,20061121,4687,49748,1,3
28640,20061121,4687,16805,2,130
28640,20061121,4687,16778,2,120
28640,20061121,4687,64267,1,550
28714,20061122,4922,2842,1,45
28764,20061123,2787,65707,1,20
28792,20061123,539,34647,1,820
28857,20061124,3438,2836,1,51
28860,20061124,3558,54452,1,72
28923,20061125,2239,40069,2,298
28987,20061125,62,68806,1,269
29027,20061126,284,2762,1,58
29176,20061127,637,16960,1,855
29176,20061127,637,17475,1,950
29214,20061128,284,75187,1,1299
29258,20061128,921,69730,1,429
29258,20061128,921,40233,5,3170
29264,20061129,1246,51398,1,715
29294,20061129,2942,2781,1,58
29294,20061129,2942,2781,1,58
29302,20061129,3610,55254,1,55
29391,20061130,539,16778,1,60
29391,20061130,539,16672,1,70
29430,20061201,1944,67368,1,330
29430,20061201,1944,67368,1,330
29466,20061201,4780,40236,1,581
29517,20061202,2956,71649,1,450
29530,20061202,3529,67003,1,2490
29576,20061203,1006,71935,1,149
29576,20061203,1006,71935,1,149
29576,20061203,1006,69957,1,499
29782,20061205,2787,69955,1,349
29827,20061206,1464,73966,1,480
29827,20061206,1464,73967,1,553
29855,20061206,284,40069,1,149
29855,20061206,284,67274,1,199
29855,20061206,284,76240,1,169
29855,20061206,284,75667,1,309
29942,20061207,332,49749,1,2
30077,20061209,1726,71548,1,2190
30077,20061209,1726,71548,1,2490
30103,20061209,332,75069,1,1332
30231,20061210,62,47816,1,69
30266,20061211,2030,2805,1,55
30408,20061213,1246,73858,1,3099
30408,20061213,1246,73966,1,480
30410,20061213,139,55856,1,249
30454,20061213,3212,64217,1,299
30628,20061215,92,73855,1,2049
30666,20061216,2814,72447,1,299
30667,20061216,284,16681,1,55
30667,20061216,284,72751,1,129
30760,20061217,2122,49748,1,3
30760,20061217,2122,61990,1,239
30760,20061217,2122,61990,1,239
30760,20061217,2122,67366,1,330
30760,20061217,2122,67365,1,330
30760,20061217,2122,67364,1,330
30760,20061217,2122,67368,2,660
30760,20061217,2122,34646,2,1620
30760,20061217,2122,34645,2,1820
30926,20061219,1276,16781,1,140
30962,20061219,2995,74756,1,1329
30962,20061219,2995,55217,1,90
31046,20061220,3827,71312,1,59
31081,20061221,1464,69825,1,69
31092,20061221,1686,65153,1,488
31117,20061221,332,76226,1,315
31117,20061221,332,69952,1,6499
31142,20061221,4967,55187,1,105
31150,20061221,5918,75981,1,400
31150,20061221,5918,26466,1,400
31150,20061221,5918,63042,1,0
31164,20061222,139,75569,1,599
31316,20061223,1335,69771,1,299
31396,20061223,332,26466,1,300
31396,20061223,332,66697,1,250
31413,20061223,4011,63042,1,100
31428,20061223,4981,72270,1,39
31428,20061223,4981,72270,1,39
31428,20061223,4981,72750,1,279
31475,20061223,87,26466,1,400
31520,20061224,1726,74755,1,1399
31547,20061224,2501,73248,1,329
31570,20061224,287,73333,1,1888
31570,20061224,287,73333,1,1888
31570,20061224,287,73333,1,1888
31647,20061224,5943,66568,1,400
31647,20061224,5943,63042,1,0
31660,20061224,805,51158,1,313
31674,20061225,1246,65674,1,480
31674,20061225,1246,65675,1,553
31680,20061225,1335,74447,1,134
31680,20061225,1335,74109,1,376
31680,20061225,1335,74447,1,134
31680,20061225,1335,49748,1,3
31680,20061225,1335,16672,3,210
31732,20061225,3127,76684,1,39791
31767,20061225,5181,65000,1,125
31767,20061225,5181,65000,1,125
31781,20061225,5918,75894,1,6000
31876,20061226,2843,67273,1,199
31944,20061226,539,2808,1,116
31950,20061226,5690,71648,1,450
31957,20061226,5959,74769,1,400
31957,20061226,5959,63042,1,0
31966,20061226,637,16694,1,220
31978,20061227,1006,74725,1,49
32012,20061227,1686,26465,1,2300
32041,20061227,2800,16697,1,310
32042,20061227,284,55573,1,40
32042,20061227,284,69771,1,499
32052,20061227,3233,77507,1,1699
32097,20061227,539,72463,1,799
32102,20061227,5649,74769,1,400
32102,20061227,5649,63042,1,0
32102,20061227,5649,74999,1,169
32102,20061227,5649,76541,1,998
32102,20061227,5649,2808,1,116
32106,20061227,5943,72463,1,799
32142,20061228,139,16579,1,329
32171,20061228,2239,75183,1,998
32171,20061228,2239,67367,1,480
32175,20061228,2307,72463,18,14382
32274,20061228,637,71537,1,89
32421,20061230,1006,77711,9,0
32421,20061230,1006,77692,1,0
32432,20061230,1464,65674,1,480
32493,20061230,3868,77104,1,299
32502,20061230,450,77711,6,0
32502,20061230,450,77692,1,0
32502,20061230,450,77258,1,1999
32502,20061230,450,60722,1,135
32509,20061230,4981,74905,1,1099
32756,20070101,449,72463,1,799
32756,20070101,449,73855,1,1699
32759,20070101,4687,75966,1,219
32759,20070101,4687,75964,1,189
32759,20070101,4687,75965,1,219
32793,20070101,6000,77692,4,0
32793,20070101,6000,77692,5,0
32793,20070101,6000,69264,1,300
32793,20070101,6000,63042,1,100
32793,20070101,6000,71899,1,2190
32853,20070102,4687,74856,1,681
32853,20070102,4687,40236,2,1162
32933,20070103,4163,67365,1,330
32933,20070103,4163,67366,1,330
32933,20070103,4163,67364,1,330
32938,20070103,4687,70774,1,3690
33081,20070105,4515,72411,1,5999
33139,20070106,284,2810,1,52
33139,20070106,284,16672,1,70
33139,20070106,284,54817,1,99
33139,20070106,284,73967,1,553
33139,20070106,284,73967,1,553
33156,20070106,4011,73498,1,499
33170,20070106,5577,70512,1,299
33173,20070106,5899,73769,1,699
33179,20070106,6014,72409,1,299
33179,20070106,6014,74731,1,129
33181,20070106,62,72760,1,569
33231,20070107,2307,74731,1,129
33231,20070107,2307,72386,1,319
33276,20070107,449,72646,1,399
33276,20070107,449,50984,1,349
33276,20070107,449,77507,1,1699
33297,20070107,5697,65153,1,599
33427,20070109,1677,68767,1,499
33439,20070109,284,54280,1,55
33476,20070109,542,65674,2,960
33550,20070110,4967,75965,1,219
33563,20070110,539,55216,1,90
33570,20070110,5959,75188,1,599
33796,20070113,1006,46336,1,199
33802,20070113,1121,72617,1,69
33802,20070113,1121,16959,1,914
33978,20070114,3292,63440,1,179
33978,20070114,3292,72097,1,289
33988,20070114,3610,70774,1,3500
34019,20070114,5943,76744,1,34898
34019,20070114,5943,71069,1,100
34037,20070114,923,77214,1,499
34050,20070115,1464,65000,1,139
34050,20070115,1464,66388,1,1888
34094,20070115,3212,77409,1,599
34133,20070115,5943,75340,1,1199
34133,20070115,5943,69725,1,159
34183,20070116,2239,75183,1,998
34219,20070116,4687,58930,1,590
34333,20070118,1121,77804,1,599
34472,20070119,3330,77804,1,599
34491,20070119,450,75098,10,19900
34491,20070119,450,75096,6,14940
34491,20070119,450,71956,1,11900
34491,20070119,450,72008,1,10400
34605,20070120,6078,69266,1,400
34605,20070120,6078,63042,1,0
34605,20070120,6078,66388,1,1399
34605,20070120,6078,16778,1,69
34672,20070121,3567,72901,1,249
34723,20070121,977,54452,1,119
34723,20070121,977,54452,1,119
34731,20070122,1335,73333,1,1790
34811,20070122,5348,77655,1,479
34963,20070124,1246,75353,1,3990
35004,20070124,284,72751,1,129
35036,20070124,4967,73855,1,1399
35115,20070125,3233,66388,1,1399
35139,20070125,4780,74856,1,681
35139,20070125,4780,40236,1,581
35184,20070126,1121,72466,1,599
35262,20070126,2393,73966,1,432
35289,20070126,284,16826,1,329
35289,20070126,284,66584,1,399
35311,20070126,3292,72466,1,599
35326,20070126,3610,77464,1,2322
35360,20070126,449,72466,1,599
35360,20070126,449,77682,1,249
35360,20070126,449,77804,1,499
35549,20070127,3056,75528,1,7889
35549,20070127,3056,72466,1,599
35549,20070127,3056,71785,1,599
35554,20070127,3212,74107,1,331
35583,20070127,3873,67653,1,999
35621,20070127,4866,76262,1,2290
35670,20070127,6134,48863,1,0
35670,20070127,6134,48863,1,0
35670,20070127,6134,69266,1,400
35670,20070127,6134,63042,1,0
35670,20070127,6134,77258,1,1399
35703,20070128,1096,72291,1,151
35716,20070128,1246,73748,1,3321
35784,20070128,2194,26465,1,400
35792,20070128,2239,75408,6,250
35827,20070128,2778,48863,1,0
35827,20070128,2778,63992,1,400
35827,20070128,2778,63042,1,0
35868,20070128,338,78005,1,988
35880,20070128,3567,71203,1,399
35955,20070128,5348,77681,1,249
35960,20070128,5468,75408,6,250
36074,20070129,1276,73852,1,799
36081,20070129,139,69771,1,399
36106,20070129,1679,48863,1,0
36106,20070129,1679,66568,1,400
36106,20070129,1679,63042,1,0
36163,20070129,284,34645,1,819
36188,20070129,3212,77017,1,359
36264,20070129,450,73336,1,5500
36322,20070129,5697,72466,1,599
36399,20070129,921,2836,1,46
36454,20070130,2942,73749,1,2890
36511,20070130,6189,69265,1,400
36511,20070130,6189,63042,1,0
36511,20070130,6189,77602,1,199
36569,20070131,332,73984,3,390
36569,20070131,332,67515,3,390
36603,20070131,5577,74755,1,1399
36711,20070201,637,40233,1,634
36712,20070201,655,73332,1,1488
36809,20070202,5577,74755,1,1399
36868,20070203,198,69527,1,249
36910,20070203,3610,49325,1,219
36976,20070204,1446,77078,1,249
37011,20070204,2501,73529,1,3990
37015,20070204,2787,73852,1,799
37018,20070204,2995,66187,1,164
37039,20070204,3785,51897,1,149
37042,20070204,3855,16779,1,85
37205,20070205,5959,17357,1,1015
37270,20070206,2956,60405,1,640
37297,20070206,450,76172,1,1499
37406,20070207,3794,77569,1,429
37416,20070207,449,76736,1,1299
37416,20070207,449,16778,1,60
37416,20070207,449,16778,1,60
37477,20070208,2036,64267,4,2200
37543,20070208,637,77250,1,100
37672,20070210,1335,75332,1,199
37727,20070210,2995,78352,3,0
37764,20070210,449,75187,1,699
37921,20070211,3438,71548,1,1970
37991,20070211,62,78364,1,1299
37991,20070211,62,69727,2,644
37991,20070211,62,72466,1,599
38003,20070211,87,77774,1,999
38061,20070212,284,74905,1,1299
38091,20070212,4011,56268,1,229
38117,20070212,5348,64710,1,299
38127,20070212,6014,77253,1,169
38148,20070212,915,75406,2,198
38148,20070212,915,75406,2,198
38148,20070212,915,75407,1,99
38148,20070212,915,70178,1,59
38148,20070212,915,70178,1,59
38148,20070212,915,47816,1,69
38148,20070212,915,77682,1,419
38169,20070213,1500,63927,1,149
38179,20070213,1679,69729,1,429
38210,20070213,284,77999,1,1699
38256,20070213,5096,78169,1,100
38438,20070215,1041,71809,1,149
38438,20070215,1041,73748,1,3690
38483,20070215,284,26956,1,340
38531,20070215,4926,78352,8,0
38590,20070216,1276,66917,1,299
38707,20070216,539,39949,1,567
38707,20070216,539,39948,1,355
38753,20070216,915,35818,1,69
38753,20070216,915,73893,1,699
38754,20070216,923,59731,1,99
38829,20070217,3855,78352,12,0
38907,20070218,1276,73748,1,3690
38940,20070218,284,16779,1,85
39289,20070221,3212,77320,1,139
39403,20070222,2814,2814,1,95
39415,20070222,332,74447,1,149
39415,20070222,332,55263,4,240
39490,20070223,1121,16689,1,50
39490,20070223,1121,72734,1,199
39546,20070223,284,2805,1,55
39557,20070223,332,67365,1,297
39557,20070223,332,67368,1,297
39576,20070223,4126,78468,1,349
39590,20070223,4687,55184,1,105
39590,20070223,4687,61956,3,597
39600,20070223,539,77022,1,399
39669,20070224,2300,73750,1,2490
39700,20070224,3596,73252,1,199
39755,20070224,62,76254,1,599
39775,20070224,87,74106,1,148
39924,20070225,6078,78265,1,1699
39939,20070225,6378,66568,1,400
39939,20070225,6378,63042,1,0
39939,20070225,6378,78593,1,1000
39965,20070226,1276,39948,1,355
40043,20070226,4687,16782,1,229
40043,20070226,4687,16780,1,89
40048,20070226,4854,74855,1,1056
40093,20070227,1446,71536,1,89
40093,20070227,1446,71537,1,89
40107,20070227,1726,73750,1,2490
40107,20070227,1726,73855,1,999
40120,20070227,2239,67364,1,297
40120,20070227,2239,67365,1,297
40120,20070227,2239,67366,1,297
40167,20070227,4785,73499,2,1100
40213,20070228,1335,49749,1,2
40213,20070228,1335,16780,1,89
40213,20070228,1335,16780,1,89
40232,20070228,1686,71632,1,379
40232,20070228,1686,78345,1,9388
40275,20070228,3438,78008,1,3390
40275,20070228,3438,78430,1,3990
40308,20070228,4922,74856,1,681
40308,20070228,4922,40236,1,581
40405,20070301,3330,73975,1,299
40537,20070302,4687,55184,1,105
40537,20070302,4687,55184,1,105
40608,20070303,3056,73750,1,1888
40628,20070303,450,78494,1,69500
40804,20070304,977,67148,1,650
40804,20070304,977,67149,1,500
40891,20070306,1041,68767,1,499
40945,20070306,3827,39949,1,567
40965,20070306,4967,78423,1,399
40983,20070306,6189,16781,1,139
41031,20070307,2393,68814,1,450
41061,20070307,450,65012,1,129
41061,20070307,450,65012,1,129
41107,20070308,1944,69728,1,329
41143,20070308,4011,73749,1,2890
41143,20070308,4011,58930,1,590
41170,20070308,5943,72463,1,599
41170,20070308,5943,72461,2,1198
41170,20070308,5943,77221,1,329
41177,20070308,637,74721,3,87
41177,20070308,637,73429,1,429
41227,20070309,284,77999,1,1499
41335,20070310,2800,72189,1,150
41407,20070311,1286,54817,1,99
41457,20070311,3292,68768,1,269
41460,20070311,332,75352,1,29898
41460,20070311,332,72462,1,100
41613,20070312,4575,2808,1,139
41677,20070313,1982,26466,1,800
41700,20070313,3059,55186,1,140
41708,20070313,3429,75400,1,11401
41708,20070313,3429,77804,1,499
41770,20070314,1246,51398,1,715
41838,20070314,4749,66388,1,2690
41938,20070315,6449,63992,1,400
41938,20070315,6449,63042,1,0
42142,20070317,284,72465,1,699
42152,20070317,332,70528,1,19999
42152,20070317,332,74512,1,14900
42155,20070317,3429,55217,1,90
42155,20070317,3429,55219,1,130
42364,20070319,1686,70763,1,139
42455,20070320,1944,26466,1,500
42584,20070321,332,54816,1,99
42645,20070321,977,26466,1,500
42651,20070322,1335,66694,1,250
42730,20070322,637,73750,1,2490
42808,20070323,4785,76041,1,699
42808,20070323,4785,73749,1,2890
42852,20070324,1500,77412,1,549
42879,20070324,2393,78236,1,299
42879,20070324,2393,75665,1,219
42879,20070324,2393,77414,1,1046
42881,20070324,2549,73705,1,5998
42944,20070324,62,47816,1,69
42963,20070325,1121,75097,1,1299
43002,20070325,1944,73748,1,3690
43022,20070325,2787,73858,1,2220
43099,20070326,1006,73750,1,2490
43126,20070326,198,16778,1,59
43152,20070326,3675,70130,1,1550
43416,20070329,2205,66388,1,1888
43595,20070331,1446,77907,1,1799
43595,20070331,1446,54816,1,99
43716,20070401,2194,75000,1,198
43716,20070401,2194,72617,1,69
43716,20070401,2194,77315,1,149
43738,20070401,332,67515,1,130
43738,20070401,332,54817,1,99
43757,20070401,4842,74107,1,368
43757,20070401,4842,2809,1,99
43758,20070401,4854,74686,1,299
43941,20070403,542,65674,2,960
43941,20070403,542,67367,1,505
44019,20070404,3508,51291,1,100
44047,20070404,542,78777,1,69
44166,20070405,646,71621,1,4999
44174,20070405,805,72461,1,699
44238,20070406,3558,78364,1,1299
44238,20070406,3558,72217,1,5999
44256,20070406,4842,77621,1,1299
44280,20070406,6524,66568,1,400
44280,20070406,6524,63042,1,0
44280,20070406,6524,73750,1,2490
44376,20070407,4842,65675,1,553
44376,20070407,4842,65674,1,480
44424,20070408,1479,66596,1,269
44443,20070408,198,17475,1,1056
44443,20070408,198,16960,1,951
44506,20070408,4842,77907,1,1709
44506,20070408,4842,16960,1,951
44669,20070410,2239,2839,2,110
44749,20070411,1672,60574,1,239
44865,20070412,1686,72748,1,550
44887,20070412,2549,74998,1,168
44922,20070412,450,64331,3,660
44949,20070412,6561,63992,1,400
44949,20070412,6561,63042,1,0
44949,20070412,6561,73750,1,2100
44998,20070413,2995,76075,1,1990
45019,20070413,4785,78005,1,1188
45068,20070414,1446,77278,1,249
45068,20070414,1446,72752,1,479
45107,20070414,284,75070,1,1380
45200,20070414,6587,63042,1,0
45215,20070415,1121,69957,1,399
45215,20070415,1121,69957,1,399
45376,20070416,1246,55221,1,210
45376,20070416,1246,71296,1,499
45396,20070416,2224,78147,1,349
45525,20070417,3292,65674,1,480
45627,20070418,539,75585,1,299
45749,20070420,1041,68767,1,499
45797,20070420,1677,74904,1,999
45797,20070420,1677,77959,1,299
45797,20070420,1677,73893,1,499
45846,20070420,2377,78578,1,8870
45846,20070420,2377,64512,1,999
45863,20070420,2747,75407,1,89
45866,20070420,2800,78005,1,788
45866,20070420,2800,69913,1,799
45878,20070420,2995,70413,1,0
45878,20070420,2995,70413,1,0
45878,20070420,2995,70413,1,0
45881,20070420,3056,79524,1,499
45881,20070420,3056,78014,1,849
45902,20070420,338,65675,1,497
45908,20070420,3482,78833,1,399
45916,20070420,3596,65630,1,107
45921,20070420,3675,65977,1,399
45921,20070420,3675,78005,1,788
45921,20070420,3675,75438,1,8499
45921,20070420,3675,70413,1,0
45921,20070420,3675,70413,1,0
45926,20070420,3785,79614,1,1499
45926,20070420,3785,75408,6,250
45964,20070420,450,75408,6,250
45992,20070420,5181,78005,1,788
45994,20070420,5239,73749,1,2601
46010,20070420,542,79861,1,6980
46073,20070420,6619,48863,1,0
46073,20070420,6619,58160,1,400
46073,20070420,6619,63042,1,0
46086,20070420,6631,79412,1,1299
46126,20070420,923,75408,6,250
46126,20070420,923,70413,1,0
46126,20070420,923,55187,1,105
46133,20070421,1006,71631,1,199
46133,20070421,1006,26952,1,90
46133,20070421,1006,26952,1,90
46133,20070421,1006,16775,1,75
46144,20070421,1117,26466,1,500
46146,20070421,1121,74904,1,1120
46201,20070421,1982,79823,1,4550
46201,20070421,1982,67148,1,585
46201,20070421,1982,67149,1,450
46256,20070421,284,2839,1,49
46257,20070421,2843,72217,1,5499
46280,20070421,3292,78135,1,3870
46280,20070421,3292,78135,1,3990
46280,20070421,3292,77481,1,5371
46280,20070421,3292,77481,1,5491
46280,20070421,3292,70986,1,499
46280,20070421,3292,70986,1,499
46295,20070421,3567,74106,1,69
46295,20070421,3567,74106,1,69
46295,20070421,3567,74106,1,69
46295,20070421,3567,74106,1,69
46304,20070421,3855,76757,1,3990
46304,20070421,3855,61564,1,399
46356,20070421,5181,77359,1,6999
46552,20070422,1930,70413,1,0
46585,20070422,2747,70413,1,0
46585,20070422,2747,2815,1,84
46592,20070422,284,79614,1,1499
46595,20070422,287,72750,1,279
46617,20070422,3292,77610,1,1699
46617,20070422,3292,77610,1,1699
46617,20070422,3292,77610,1,2280
46623,20070422,332,78148,1,299
46626,20070422,338,67653,1,999
46632,20070422,3438,73020,1,2990
46640,20070422,3610,78706,1,14999
46653,20070422,3873,26952,1,90
46693,20070422,449,77435,1,999
46693,20070422,449,70986,1,499
46733,20070422,5181,74658,1,299
46733,20070422,5181,65001,5,940
46753,20070422,5468,73020,1,2990
46796,20070422,6449,78593,1,999
46796,20070422,6449,64707,1,129
46796,20070422,6449,2808,1,89
46822,20070422,6680,48863,1,0
46822,20070422,6680,63992,1,400
46822,20070422,6680,63042,1,0
46822,20070422,6680,73749,1,2601
46911,20070423,1672,73984,1,79
46911,20070423,1672,73984,1,79
47015,20070423,3233,78593,1,999
47023,20070423,332,72254,1,99
47023,20070423,332,2808,1,89
47023,20070423,332,2808,1,89
47023,20070423,332,75543,1,499
47023,20070423,332,75543,1,599
47023,20070423,332,70709,1,999
47048,20070423,3675,73748,1,3591
47097,20070423,449,77435,1,999
47097,20070423,449,75544,1,599
47118,20070423,4825,77610,1,1699
47118,20070423,4825,70413,1,0
47146,20070423,539,73306,1,1940
47146,20070423,539,77278,1,168
47146,20070423,539,75207,1,220
47146,20070423,539,75210,1,225
47146,20070423,539,75209,1,225
47146,20070423,539,75208,1,220
47146,20070423,539,70709,1,999
47311,20070424,3508,26471,1,1400
47312,20070424,3558,41880,1,160
47313,20070424,3610,76527,1,199
47318,20070424,3873,75056,1,85
47340,20070424,5781,77807,1,399
47340,20070424,5781,61990,1,239
47362,20070424,6716,58160,1,400
47362,20070424,6716,63042,1,0
47400,20070425,2995,70413,1,0
47435,20070425,5781,60180,1,239
47441,20070425,6619,77982,1,1490
47441,20070425,6619,77982,1,1590
47463,20070426,1500,2762,1,58
47463,20070426,1500,2781,1,58
47491,20070426,2956,51291,1,100
47491,20070426,2956,51291,1,100
47514,20070426,4011,59976,1,70
47556,20070427,1335,69131,1,12900
47624,20070427,6000,17610,1,615
47662,20070428,1446,69583,5,0
47662,20070428,1446,2760,1,60
47662,20070428,1446,71559,1,1960
47662,20070428,1446,2811,1,113
47675,20070428,1686,74447,1,149
47780,20070428,6736,48863,1,0
47780,20070428,6736,58160,1,400
47780,20070428,6736,26466,1,500
47780,20070428,6736,63042,1,0
47813,20070429,1686,69583,14,0
47813,20070429,1686,70413,1,0
47813,20070429,1686,70413,1,0
47887,20070429,4866,79637,1,1190
47925,20070429,6736,26466,1,500
47953,20070430,1121,16778,1,59
47953,20070430,1121,16780,1,89
47953,20070430,1121,71635,1,690
47975,20070430,1686,51397,2,1200
47981,20070430,1930,72270,1,39
47995,20070430,2995,74106,1,69
47995,20070430,2995,74106,1,69
48065,20070501,1006,39948,1,395
48115,20070501,2942,71559,1,1960
48118,20070501,3127,40233,1,634
48118,20070501,3127,74855,1,1056
48145,20070501,4687,49748,1,3
48145,20070501,4687,77223,1,629
48145,20070501,4687,77223,1,629
48145,20070501,4687,77414,2,2092
48145,20070501,4687,40236,1,581
48145,20070501,4687,17475,5,5280
48145,20070501,4687,16960,5,4755
48145,20070501,4687,39949,5,3150
48145,20070501,4687,39948,5,1975
48236,20070502,2800,16959,1,1033
48283,20070502,5705,26465,1,2500
48283,20070502,5705,70413,1,0
48284,20070502,5764,73750,1,2490
48292,20070502,6619,26465,1,500
48292,20070502,6619,26465,1,2500
48292,20070502,6619,70413,1,0
48356,20070503,4608,69583,8,0
48356,20070503,4608,69583,4,0
48356,20070503,4608,79520,1,1599
48510,20070505,1686,64896,1,199
48510,20070505,1686,77941,1,2460
48510,20070505,1686,49748,1,3
48510,20070505,1686,63687,1,109
48510,20070505,1686,71312,1,59
48510,20070505,1686,78778,1,69
48630,20070506,1686,72109,1,2490
48630,20070506,1686,56268,1,229
48630,20070506,1686,66920,1,299
48630,20070506,1686,73855,1,1299
48672,20070506,338,78005,1,999
48672,20070506,338,78005,1,999
48685,20070506,4011,79633,1,599
48738,20070506,6716,79706,1,45
48738,20070506,6716,60721,1,75
48807,20070507,3785,40069,1,169
48822,20070507,542,65675,1,553
48834,20070507,637,51398,1,715
48834,20070507,637,51399,1,765
48931,20070508,5764,79888,1,299
48992,20070509,3212,75582,1,299
49051,20070510,1121,73157,1,690
49092,20070510,2787,77223,1,629
49092,20070510,2787,67366,1,330
49092,20070510,2787,67365,1,330
49092,20070510,2787,67364,1,330
49092,20070510,2787,67368,1,330
49125,20070510,4876,77278,1,249
49130,20070510,5649,77359,1,6999
49163,20070511,1121,73156,1,690
49182,20070511,1686,76172,1,1688
49182,20070511,1686,78672,1,26800
49182,20070511,1686,26466,1,120
49182,20070511,1686,80002,1,100
49235,20070511,5351,26466,1,300
49291,20070512,1686,74443,2,238
49291,20070512,1686,74443,1,119
49447,20070513,332,75350,1,380
49447,20070513,332,77238,1,129
49506,20070513,5521,26465,1,2300
49506,20070513,5521,70413,1,0
49661,20070515,1117,75203,2,606
49687,20070515,1686,70800,1,168
49811,20070516,2307,16783,1,290
49848,20070516,449,26952,3,270
49848,20070516,449,16806,2,160
49848,20070516,449,16779,2,170
49887,20070516,6813,66568,1,400
49887,20070516,6813,63042,1,0
49923,20070517,198,77278,1,249
49955,20070517,3567,74106,2,198
49955,20070517,3567,71588,1,99
49957,20070517,3785,79711,1,125
50006,20070518,139,56152,1,249
50033,20070518,2704,70413,1,0
50034,20070518,2713,66388,1,1399
50058,20070518,4687,69083,1,5990
50068,20070518,5437,54817,1,99
50068,20070518,5437,54816,1,99
50104,20070519,1286,71312,1,59
50104,20070519,1286,73960,1,435
50104,20070519,1286,72466,5,3495
50142,20070519,2800,16944,2,1970
50151,20070519,3133,58088,1,269
50156,20070519,3429,65630,1,119
50204,20070519,6822,75981,1,400
50204,20070519,6822,63042,1,0
50209,20070519,6828,78138,1,29148
50209,20070519,6828,58160,1,400
50209,20070519,6828,63042,1,0
50250,20070520,2501,64868,1,299
50250,20070520,2501,77104,1,299
50397,20070521,4687,49749,1,2
50397,20070521,4687,55184,1,105
50397,20070521,4687,70092,1,359
50397,20070521,4687,70093,1,359
50397,20070521,4687,69492,1,269
50397,20070521,4687,70986,1,699
50397,20070521,4687,70986,1,699
50407,20070521,542,79782,1,906
50407,20070521,542,65675,1,553
50475,20070522,198,60574,1,239
50475,20070522,198,77507,1,999
50476,20070522,1982,64918,1,3390
50476,20070522,1982,64512,1,960
50495,20070522,332,55573,1,40
50589,20070523,1982,74905,1,1150
50621,20070523,4011,74692,1,379
50621,20070523,4011,75787,1,6290
50621,20070523,4011,77013,1,269
50708,20070524,2956,26471,1,900
50708,20070524,2956,26471,1,700
50782,20070525,1121,26465,1,800
50791,20070525,1335,71763,1,599
50811,20070525,1672,79637,1,699
50819,20070525,1982,70413,1,0
50852,20070525,2747,72466,1,499
50852,20070525,2747,17652,1,865
50853,20070525,284,26465,1,800
50853,20070525,284,70413,1,0
50893,20070525,4515,77241,1,729
51193,20070527,332,72217,1,4999
51202,20070527,3558,26465,1,2300
51202,20070527,3558,75544,1,599
51255,20070527,539,34647,1,820
51286,20070527,6619,72747,1,659
51388,20070528,539,34647,1,820
51410,20070528,6716,40236,1,581
51437,20070529,1276,79682,1,349
51529,20070529,637,51399,1,765
51581,20070530,198,75203,1,315
51606,20070530,332,71559,1,1788
51613,20070530,3567,74443,1,119
51655,20070530,62,76138,1,299
51655,20070530,62,54452,1,119
51710,20070531,2122,39949,2,1260
51710,20070531,2122,39948,2,790
51779,20070531,539,2837,1,47
51808,20070531,6922,66568,1,400
51808,20070531,6922,63042,1,0
51808,20070531,6922,70413,1,0
51808,20070531,6922,70413,1,0
51847,20070601,1686,72178,1,130
51864,20070601,284,65675,1,553
51864,20070601,284,65674,1,480
51864,20070601,284,34646,1,810
51864,20070601,284,34645,1,910
52055,20070603,1446,71559,1,1788
52276,20070604,6942,66569,1,400
52276,20070604,6942,63042,1,0
52276,20070604,6942,75183,1,1688
52292,20070605,1500,54816,1,105
52435,20070606,3437,80568,1,1990
52485,20070606,87,72461,1,599
52525,20070607,284,2760,1,60
52525,20070607,284,41879,1,160
52525,20070607,284,74687,1,69
52544,20070607,4780,40236,2,1162
52610,20070608,332,60721,1,75
52619,20070608,3827,39949,1,630
52619,20070608,3827,39948,1,395
52619,20070608,3827,39948,1,395
52631,20070608,4749,70763,1,139
52664,20070608,6966,66569,1,400
52664,20070608,6966,26465,1,800
52664,20070608,6966,26465,1,2300
52664,20070608,6966,63042,1,0
52672,20070608,87,77648,1,99
52726,20070609,2800,76527,1,199
52744,20070609,3438,61414,1,399
52786,20070609,62,47816,2,138
52799,20070609,6971,58160,1,400
52799,20070609,6971,63042,1,0
52840,20070610,1686,80361,1,9
52872,20070610,3567,79412,1,1499
52883,20070610,4163,76541,1,888
52904,20070610,539,40234,1,1056
52904,20070610,539,40233,1,634
52910,20070610,5899,58160,1,400
52910,20070610,5899,63042,1,0
52910,20070610,5899,77941,1,2199
52910,20070610,5899,76783,1,790
52943,20070611,1006,66185,1,164
52943,20070611,1006,64708,1,179
52943,20070611,1006,64708,1,179
53009,20070611,450,63926,1,89
53009,20070611,450,65012,2,258
53009,20070611,450,63926,1,89
53012,20070611,4687,2836,1,51
53060,20070612,139,26952,1,90
53060,20070612,139,16784,1,339
53081,20070612,2194,75407,4,316
53081,20070612,2194,75408,2,198
53081,20070612,2194,49748,1,3
53109,20070612,3827,16773,1,50
53109,20070612,3827,16775,1,75
53109,20070612,3827,16775,1,75
53137,20070612,62,47816,2,138
53142,20070612,6736,55573,1,40
53212,20070613,5096,73750,1,1992
53269,20070614,1944,81399,1,269
53269,20070614,1944,71635,1,690
53270,20070614,1982,2841,1,45
53299,20070614,3610,71763,1,499
53303,20070614,3855,72461,1,599
53328,20070614,5181,40069,1,169
53328,20070614,5181,77648,1,179
53328,20070614,5181,16672,1,70
53348,20070614,6997,63042,1,0
53348,20070614,6997,73750,1,1992
53348,20070614,6997,71651,1,299
53348,20070614,6997,65629,1,99
53428,20070615,542,79780,1,976
53428,20070615,542,65674,1,480
53453,20070615,7005,63992,1,400
53453,20070615,7005,63042,1,0
53476,20070616,1686,78379,1,1399
53486,20070616,2122,71621,1,4389
53526,20070616,4163,16783,1,290
53540,20070616,5348,72217,1,5888
53540,20070616,5348,73855,1,1299
53898,20070619,3212,69512,1,249
53898,20070619,3212,2808,1,109
53898,20070619,3212,2809,1,109
53941,20070619,539,81474,1,2190
54027,20070620,3212,72217,1,5888
54089,20070620,977,26465,1,800
54135,20070621,332,26465,1,2300
54148,20070621,3785,79615,1,1400
54148,20070621,3785,80770,1,1699
54165,20070621,4981,26465,1,800
54198,20070621,7042,58160,1,400
54198,20070621,7042,63042,1,0
54385,20070623,1672,71548,1,1290
54385,20070623,1672,60574,1,239
54405,20070623,284,71785,1,699
54452,20070623,539,77022,1,399
54482,20070623,7076,76541,1,799
54548,20070624,284,2809,1,109
54548,20070624,284,2811,1,113
54548,20070624,284,2808,1,109
54639,20070624,7076,63042,1,0
54706,20070625,284,78814,1,1100
54706,20070625,284,77953,1,7988
54713,20070625,332,67364,1,330
54813,20070626,139,71532,1,89
54829,20070626,1672,78138,1,27998
54923,20070627,1286,73960,1,435
54939,20070627,1672,79615,1,1450
55121,20070629,1006,78482,1,349
55213,20070629,6813,66816,1,2490
55265,20070630,1686,80570,1,3990
55265,20070630,1686,66593,1,299
55273,20070630,2239,26465,1,800
55324,20070630,4780,79635,1,1890
55324,20070630,4780,76630,1,11800
55381,20070630,87,65629,1,99
55440,20070701,3233,81053,1,299
55500,20070701,6561,2760,1,60
55500,20070701,6561,65630,1,119
55567,20070702,2778,76147,1,259
55777,20070704,1335,76757,2,5980
55795,20070704,1944,71560,1,1888
55886,20070705,1121,77600,1,559
55949,20070705,4780,40236,2,1204
56214,20070707,5697,65707,1,20
56214,20070707,5697,65707,1,20
56227,20070707,6820,76122,1,399
56239,20070707,7200,63042,1,0
56268,20070708,1446,71625,1,299
56268,20070708,1446,66813,1,195
56286,20070708,1679,81837,1,1
56286,20070708,1679,26466,1,800
56389,20070708,62,26465,1,2300
56393,20070708,6680,79781,1,1444
56469,20070709,3827,71633,1,315
56469,20070709,3827,71633,1,315
56469,20070709,3827,77282,1,469
56469,20070709,3827,75000,1,198
56491,20070709,4834,26466,1,800
56592,20070710,3827,75438,1,7988
56603,20070710,4876,76595,1,129
56661,20070711,2030,56152,1,249
56668,20070711,2377,77010,1,229
56714,20070711,5959,77155,1,1099
56774,20070712,2239,2808,1,99
56859,20070713,1118,74687,1,99
56878,20070713,1286,80355,1,389
56923,20070713,1672,67515,10,790
56923,20070713,1672,80236,1,6990
56923,20070713,1672,70986,1,499
56924,20070713,1686,75568,1,999
56955,20070713,1982,78871,1,13630
56955,20070713,1982,75922,1,149
56955,20070713,1982,75922,1,149
56955,20070713,1982,75070,1,1200
57029,20070713,284,26465,1,800
57042,20070713,2989,61986,1,20
57079,20070713,332,77959,1,239
57079,20070713,332,77224,1,489
57079,20070713,332,77223,1,489
57109,20070713,3610,81544,3,17994
57128,20070713,3827,78423,1,299
57128,20070713,3827,60574,2,376
57134,20070713,3868,26466,1,500
57160,20070713,4163,79461,1,4998
57191,20070713,4515,63042,1,100
57200,20070713,4608,81182,1,35910
57200,20070713,4608,26465,1,800
57215,20070713,4876,48863,1,0
57215,20070713,4876,75408,1,48
57215,20070713,4876,75408,1,48
57215,20070713,4876,75408,1,48
57215,20070713,4876,75408,1,48
57215,20070713,4876,75408,1,48
57215,20070713,4876,75408,1,48
57215,20070713,4876,63042,1,0
57260,20070713,542,79461,1,4998
57278,20070713,5649,26465,1,800
57386,20070713,7005,26465,1,6900
57386,20070713,7005,26466,1,800
57436,20070713,7271,48863,1,0
57436,20070713,7271,58160,1,400
57436,20070713,7271,63042,1,0
57441,20070713,7276,48863,1,0
57441,20070713,7276,63042,1,0
57441,20070713,7276,73748,1,3321
57458,20070713,7292,48863,1,0
57458,20070713,7292,66569,1,400
57458,20070713,7292,63042,1,0
57573,20070714,1944,26465,1,800
57600,20070714,2224,72934,1,1999
57600,20070714,2224,49749,1,2
57643,20070714,284,16579,1,329
57671,20070714,332,81544,2,11996
57680,20070714,3438,26466,1,800
57680,20070714,3438,70986,1,499
57687,20070714,3596,26465,1,800
57802,20070714,5051,66388,1,999
57863,20070714,6189,72291,1,159
57923,20070714,7315,48863,1,0
57923,20070714,7315,58160,1,400
57923,20070714,7315,26465,1,800
57923,20070714,7315,63042,1,0
57952,20070714,7343,48863,1,0
57952,20070714,7343,63992,1,400
57952,20070714,7343,26465,1,800
57952,20070714,7343,63042,1,0
57965,20070714,7357,48863,1,0
57965,20070714,7357,66569,1,400
57965,20070714,7357,2762,1,52
57965,20070714,7357,63042,1,0
57977,20070714,820,48863,1,0
57977,20070714,820,63042,1,0
57985,20070714,87,26465,1,800
57999,20070715,1096,73749,1,1688
58002,20070715,1117,78706,1,14999
58002,20070715,1117,73749,1,1688
58002,20070715,1117,81064,1,298
58002,20070715,1117,81062,1,298
58072,20070715,1672,81995,1,4894
58124,20070715,2194,73749,1,1688
58161,20070715,2501,76254,1,499
58189,20070715,2800,26465,1,800
58189,20070715,2800,75512,1,9900
58189,20070715,2800,76527,1,199
58194,20070715,284,81194,1,1341
58194,20070715,284,81703,1,1980
58262,20070715,3567,81887,1,59
58262,20070715,3567,81887,1,59
58289,20070715,3827,73749,1,1688
58292,20070715,3873,26466,1,300
58337,20070715,4515,72461,1,599
58421,20070715,5468,73749,1,1688
58472,20070715,6189,73749,1,1688
58674,20070716,1096,77835,1,6990
58674,20070716,1096,76254,1,599
58722,20070716,1446,79775,1,28710
58722,20070716,1446,79710,1,76
58745,20070716,1672,71517,1,599
58745,20070716,1672,70986,1,499
58747,20070716,1686,76541,1,799
58747,20070716,1686,71612,1,499
58966,20070716,3873,71560,1,1699
58966,20070716,3873,81544,1,5998
58999,20070716,4126,71612,1,499
59027,20070716,450,81181,1,27950
59027,20070716,450,71612,1,200
59027,20070716,450,75070,1,1380
59135,20070716,5781,71178,1,379
59135,20070716,5781,71612,1,500
59195,20070716,6736,74514,1,2999
59231,20070716,7315,26465,1,500
59231,20070716,7315,2836,1,46
59231,20070716,7315,79714,1,72
59260,20070716,7450,48863,1,0
59260,20070716,7450,66568,1,400
59260,20070716,7450,63042,1,0
59260,20070716,7450,73749,1,1688
59319,20070716,923,79604,1,1688
59319,20070716,923,80791,1,899
59381,20070717,3059,72023,1,199
59396,20070717,3567,54452,1,119
59397,20070717,3610,75484,1,399
59397,20070717,3610,71651,1,299
59512,20070718,4967,40233,1,656
59551,20070718,87,65629,1,99
59574,20070719,1677,60574,1,239
59574,20070719,1677,80385,1,479
59602,20070719,3127,73749,1,1999
59613,20070719,4011,72291,2,198
59681,20070720,198,81544,1,6499
59716,20070720,3827,72466,1,859
59721,20070720,4163,71293,1,499
59721,20070720,4163,71293,1,499
59732,20070720,4854,70774,1,3321
59743,20070720,637,40233,1,656
59793,20070721,2501,80791,1,899
59814,20070721,3827,77278,1,249
59968,20070722,6000,79900,1,7099
60047,20070723,332,58913,1,500
60047,20070723,332,58913,1,500
60056,20070723,3508,79887,1,299
60105,20070723,7005,81704,1,999
60171,20070724,2995,70547,1,419
60289,20070725,2956,70774,1,3690
60289,20070725,2956,77810,1,599
60289,20070725,2956,63712,1,379
60309,20070725,3610,79780,1,980
60374,20070726,1677,55227,1,390
60436,20070726,4926,58086,1,199
60494,20070727,1686,26466,1,500
60495,20070727,1729,81473,1,1990
60498,20070727,1982,65674,1,497
60498,20070727,1982,65674,1,497
60528,20070727,3610,55232,1,120
60528,20070727,3610,80821,1,269
60558,20070727,5455,81720,1,31700
60558,20070727,5455,71612,1,200
60628,20070728,1686,75096,1,999
60628,20070728,1686,78235,1,369
60628,20070728,1686,76527,1,199
60628,20070728,1686,16826,1,329
60689,20070728,6000,73749,1,1999
60724,20070729,1006,71967,1,239
60746,20070729,1686,52699,1,477
60746,20070729,1686,52672,1,477
60753,20070729,198,79165,1,1250
60825,20070729,7076,77278,1,249
60860,20070730,1729,26466,1,1600
60953,20070730,7540,75981,1,400
60953,20070730,7540,63042,1,0
60953,20070730,7540,73748,1,3321
60957,20070730,92,72048,1,299
60957,20070730,92,79711,1,125
60980,20070731,1686,75397,1,14900
60980,20070731,1686,57549,1,25
60980,20070731,1686,76254,1,400
60980,20070731,1686,71785,1,699
60984,20070731,1982,78364,1,1230
61092,20070801,1686,26466,1,800
61115,20070801,284,55539,1,199
61119,20070801,3212,79520,1,1599
61147,20070801,5005,75070,1,1380
61275,20070802,6014,78515,1,1990
61298,20070803,1117,75205,1,320
61298,20070803,1117,75203,2,640
61313,20070803,1686,79388,1,849
61313,20070803,1686,70800,1,168
61336,20070803,3059,77253,1,169
61395,20070803,7276,82434,1,13841
61395,20070803,7276,76254,1,599
61454,20070804,2995,72466,1,599
61486,20070804,4780,26465,1,800
61490,20070804,5181,73749,1,1999
61560,20070805,1686,34646,1,825
61560,20070805,1686,34645,1,925
61607,20070805,3212,69832,1,319
61617,20070805,3567,81905,1,299
61617,20070805,3567,73749,1,1999
61649,20070805,4926,70774,1,3690
61665,20070805,5781,77982,1,1590
61675,20070805,6378,73750,1,2490
61691,20070805,742,51397,1,623
61700,20070805,7563,78339,1,400
61700,20070805,7563,26465,1,800
61700,20070805,7563,63042,1,0
61758,20070806,2704,26465,1,800
61794,20070806,4687,80523,1,1250
61823,20070806,6820,16672,1,70
61823,20070806,6820,55573,1,40
61823,20070806,6820,72049,1,299
61889,20070807,332,49749,10,20
61911,20070807,4981,81332,1,219
61950,20070808,1121,26465,1,800
61972,20070808,1686,77222,1,249
62000,20070808,2814,63042,1,100
62061,20070808,637,38679,1,140
62119,20070809,1686,75070,1,1200
62185,20070809,6014,71085,1,2490
62228,20070810,1677,73157,1,690
62256,20070810,3059,81739,1,19898
62265,20070810,3785,79596,1,169
62310,20070810,7005,81659,1,198
62314,20070810,7582,66568,1,400
62314,20070810,7582,63042,1,0
62338,20070811,1686,79462,1,27998
62338,20070811,1686,75163,1,399
62338,20070811,1686,74105,1,319
62338,20070811,1686,74105,1,319
62338,20070811,1686,82197,1,2290
62338,20070811,1686,49749,1,2
62338,20070811,1686,77662,5,325
62338,20070811,1686,65011,1,79
62338,20070811,1686,78243,1,79
62338,20070811,1686,71588,1,129
62338,20070811,1686,74731,1,129
62338,20070811,1686,62476,1,249
62338,20070811,1686,67811,1,979
62338,20070811,1686,80821,1,269
62338,20070811,1686,73893,1,699
62383,20070811,3827,73749,1,1999
62441,20070811,92,81165,1,39500
62441,20070811,92,71612,1,200
62470,20070812,1686,75096,1,999
62470,20070812,1686,59731,1,99
62470,20070812,1686,78871,1,13780
62470,20070812,1686,77684,1,319
62470,20070812,1686,75070,1,1200
62507,20070812,3212,38701,1,110
62638,20070813,3059,81128,1,339
62638,20070813,3059,54816,1,105
62638,20070813,3059,54816,1,105
62638,20070813,3059,72466,1,699
62721,20070814,1686,79349,1,7290
62721,20070814,1686,71785,1,599
62732,20070814,2549,79780,1,980
62767,20070814,4967,26465,1,4600
62795,20070814,6820,81891,1,369
62834,20070815,1686,79480,1,230
62834,20070815,1686,16784,2,678
62909,20070815,6716,81317,1,249
62909,20070815,6716,65675,1,573
62909,20070815,6716,40236,1,512
62921,20070815,7605,63992,1,400
62921,20070815,7605,26465,1,800
62921,20070815,7605,63042,1,0
62937,20070816,1479,54817,1,105
62951,20070816,1672,79780,1,980
62951,20070816,1672,65675,1,573
63083,20070817,1672,75212,1,115
63083,20070817,1672,16692,1,65
63084,20070817,1686,75964,1,189
63104,20070817,287,77959,2,538
63218,20070818,1686,35818,1,69
63218,20070818,1686,35818,1,69
63218,20070818,1686,69998,1,239
63232,20070818,3212,70675,1,499
63273,20070818,805,73749,1,1999
63304,20070819,1686,77982,1,1188
63362,20070819,4163,2811,1,113
63446,20070820,1686,64598,1,3190
63446,20070820,1686,58930,1,590
63446,20070820,1686,72751,1,129
63446,20070820,1686,68772,1,254
63446,20070820,1686,79780,1,580
63446,20070820,1686,39948,1,401
63704,20070822,1686,51160,2,680
63704,20070822,1686,51159,2,680
63704,20070822,1686,51158,2,680
63704,20070822,1686,51157,2,1110
63761,20070822,4981,76122,1,399
63819,20070823,1686,81623,2,258
63819,20070823,1686,81624,2,198
63929,20070824,1672,71245,1,0
63931,20070824,1686,26466,1,250
63931,20070824,1686,77982,1,1188
63931,20070824,1686,40233,3,1674
63967,20070824,332,82008,1,1299
64076,20070825,2843,82151,1,249
64087,20070825,3127,79781,1,1604
64136,20070825,637,77233,1,149
64136,20070825,637,65249,1,398
64193,20070826,1672,65001,1,199
64193,20070826,1672,65001,1,199
64193,20070826,1672,65001,1,199
64194,20070826,1686,38706,1,100
64194,20070826,1686,78871,1,13780
64194,20070826,1686,82723,1,349
64194,20070826,1686,75070,1,1200
64208,20070826,2501,77111,1,199
64208,20070826,2501,81753,1,199
64208,20070826,2501,34647,1,762
64325,20070827,1686,71625,1,299
64325,20070827,1686,77225,1,249
64329,20070827,2030,67368,1,343
64329,20070827,2030,67365,1,343
64329,20070827,2030,67366,1,343
64329,20070827,2030,67364,1,343
64444,20070828,2307,75207,1,343
64510,20070828,5781,26465,1,800
64554,20070829,1672,74658,1,299
64555,20070829,1686,79587,1,23998
64555,20070829,1686,78423,1,390
64555,20070829,1686,78872,1,13980
64555,20070829,1686,82120,1,1000
64555,20070829,1686,52700,1,477
64555,20070829,1686,52699,1,477
64555,20070829,1686,75070,1,1200
64555,20070829,1686,78268,1,1299
64663,20070829,921,71623,1,299
64691,20070830,1686,81880,1,1990
64691,20070830,1686,49749,1,2
64716,20070830,284,56266,1,349
64838,20070831,2704,81750,1,98
64854,20070831,3212,64268,1,490
64907,20070831,7665,82409,1,400
64907,20070831,7665,63042,1,0
64954,20070901,1686,73705,1,5498
65001,20070901,3868,71612,1,599
65066,20070901,742,79387,1,849
65117,20070902,1686,81880,1,2000
65117,20070902,1686,80498,1,7900
65117,20070902,1686,77810,1,499
65182,20070902,4749,26465,1,2500
65182,20070902,4749,70412,1,0
65253,20070902,92,81066,1,699
65254,20070902,923,73749,1,2890
65277,20070903,1672,72049,1,299
65278,20070903,1686,76965,1,6990
65298,20070903,284,2805,2,110
65298,20070903,284,2805,2,110
65454,20070904,3429,77810,1,499
65540,20070905,1672,79219,1,3299
65547,20070905,198,77234,1,279
65547,20070905,198,77224,1,449
65572,20070905,3059,78872,1,13600
65572,20070905,3059,75070,1,1380
65627,20070905,6449,80498,1,7900
65667,20070906,1686,78782,1,29
65667,20070906,1686,54817,1,105
65718,20070906,450,73749,1,2890
65796,20070907,1672,80523,1,999
65796,20070907,1672,79819,1,1999
65797,20070907,1686,78872,1,14080
65797,20070907,1686,75070,1,1200
65809,20070907,2778,81750,1,109
65891,20070907,923,78673,1,1190
65928,20070908,1726,77507,1,1349
66009,20070908,5943,81891,1,369
66074,20070909,2194,75407,1,89
66097,20070909,3127,71811,1,243
66173,20070909,6716,73749,1,2890
66173,20070909,6716,77982,1,1590
66173,20070909,6716,81318,1,199
66173,20070909,6716,81318,1,199
66199,20070909,977,60405,1,644
66199,20070909,977,60405,1,644
66220,20070910,1686,82230,1,39500
66220,20070910,1686,72466,1,200
66238,20070910,3212,78724,1,9391
66238,20070910,3212,76254,1,599
66245,20070910,3429,81806,1,1899
66245,20070910,3429,82283,1,0
66255,20070910,4389,71926,1,79
66255,20070910,4389,71927,1,79
66255,20070910,4389,69771,1,300
66278,20070910,5959,59730,1,99
66278,20070910,5959,59731,1,99
66288,20070910,646,79783,1,1178
66343,20070911,1672,73705,1,5998
66347,20070911,198,80386,1,382
66377,20070911,3330,76541,1,888
66466,20070912,1686,26465,1,6700
66466,20070912,1686,26465,1,900
66521,20070912,4780,40236,1,583
66593,20070913,1686,75096,1,999
66673,20070913,6997,80498,1,7700
66798,20070914,7724,75981,1,400
66798,20070914,7724,63042,1,0
66820,20070915,1286,76965,1,6990
66883,20070915,3794,83305,1,1799
66966,20070915,7735,75981,1,400
66966,20070915,7735,63042,1,0
66966,20070915,7735,81995,1,4990
66966,20070915,7735,76254,1,599
66975,20070915,805,77941,1,1999
66975,20070915,805,77941,1,1999
67047,20070916,2989,26465,1,300
67178,20070917,1672,80651,1,1251
67303,20070918,3133,66569,1,400
67303,20070918,3133,63042,1,0
67336,20070918,6014,2762,1,58
67377,20070919,1726,73857,1,2299
67441,20070919,5781,82825,1,203
67441,20070919,5781,75209,1,308
67441,20070919,5781,75208,1,308
67441,20070919,5781,75210,1,308
67441,20070919,5781,75207,2,616
67638,20070921,3212,69771,1,450
67658,20070921,449,40236,2,1000
67658,20070921,449,75187,1,799
67700,20070922,1121,71312,1,59
67741,20070922,284,2781,1,58
67788,20070922,539,64918,1,3591
67796,20070922,5918,75188,1,450
67827,20070922,7735,26466,1,800
67844,20070923,1246,74907,1,1499
68001,20070924,2393,70709,1,999
68032,20070924,3596,78777,1,69
68082,20070924,7778,82403,1,320
68082,20070924,7778,63042,1,80
68155,20070925,3868,40233,2,1110
68199,20070925,5959,75350,1,299
68266,20070926,1672,67365,1,343
68266,20070926,1672,67364,1,343
68266,20070926,1672,67367,2,1060
68266,20070926,1672,67366,1,343
68324,20070926,4981,82829,1,6999
68344,20070926,6561,2760,1,60
68344,20070926,6561,2760,1,60
68371,20070927,1335,76147,1,259
68431,20070927,5096,2802,1,129
68575,20070928,7794,63992,1,400
68575,20070928,7794,63042,1,0
68588,20070929,1500,80356,1,382
68620,20070929,2956,82295,1,1399
68620,20070929,2956,61484,1,179
68641,20070929,449,81026,1,899
68902,20071001,332,58858,1,369
69112,20071003,1672,79461,1,6498
69114,20071003,1686,75096,1,999
69141,20071003,3059,76138,1,299
69145,20071003,332,72291,1,159
69242,20071004,3596,81972,1,38200
69242,20071004,3596,81972,1,38200
69242,20071004,3596,73045,1,6498
69242,20071004,3596,79383,1,469
69242,20071004,3596,72466,1,200
69242,20071004,3596,72466,1,200
69264,20071004,5959,72466,1,599
69288,20071004,923,75188,1,450
69325,20071005,2778,83616,1,259
69464,20071007,1726,83506,1,11490
69464,20071007,1726,71785,1,699
69511,20071007,3596,71631,1,269
69585,20071007,805,78346,1,199
69635,20071008,3059,78481,1,349
69739,20071009,1686,79673,1,70
69788,20071009,4163,80364,1,179
69788,20071009,4163,63711,1,379
69796,20071009,4842,71626,1,449
69811,20071009,6014,80683,1,189
69917,20071010,4749,83170,1,27500
69917,20071010,4749,57550,1,49
69988,20071011,1672,80498,1,7900
69990,20071011,1677,75207,1,343
69990,20071011,1677,75208,1,343
69990,20071011,1677,75209,1,343
69990,20071011,1677,75210,1,343
70033,20071011,3855,79860,1,5980
70033,20071011,3855,75070,1,1380
70039,20071011,4687,67868,1,4890
70039,20071011,4687,64918,1,3990
70041,20071011,4842,71626,1,449
70048,20071011,542,81607,1,10990
70086,20071012,1335,81738,1,21510
70125,20071012,3610,65675,1,573
70185,20071012,915,66570,1,400
70185,20071012,915,63042,1,0
70185,20071012,915,83915,1,10900
70216,20071013,1726,71623,1,341
70216,20071013,1726,49749,1,2
70216,20071013,1726,78775,1,89
70234,20071013,2220,79900,1,6790
70262,20071013,3330,2810,1,47
70271,20071013,3596,26466,1,500
70340,20071013,742,73749,1,2601
70379,20071014,1479,73749,1,1999
70589,20071015,2747,80602,1,1
70589,20071015,2747,80602,1,1
70589,20071015,2747,17358,1,914
70589,20071015,2747,17630,1,1074
70643,20071015,5781,26471,1,300
70643,20071015,5781,65630,1,89
70647,20071015,5959,72466,1,599
70647,20071015,5959,72461,1,699
70668,20071015,7853,82408,1,400
70668,20071015,7853,63042,1,0
70669,20071015,7854,60526,1,400
70669,20071015,7854,63042,1,0
70767,20071016,7854,2837,1,47
70959,20071018,6619,80568,1,1590
70976,20071018,7854,54280,3,165
71070,20071019,5697,66388,1,999
71070,20071019,5697,78334,1,699
71091,20071019,742,70986,1,650
71100,20071019,7854,81759,1,329
71100,20071019,7854,75207,1,343
71177,20071020,449,81176,1,79
71184,20071020,4926,81760,1,199
71203,20071020,5959,73749,1,1999
71235,20071020,7854,81962,1,219
71235,20071020,7854,77013,1,269
71306,20071021,287,79614,1,1388
71306,20071021,287,72188,1,249
71306,20071021,287,72189,1,50
71306,20071021,287,73855,1,999
71306,20071021,287,71785,1,549
71312,20071021,3330,73749,1,1999
71318,20071021,3482,73749,1,1999
71334,20071021,4687,55191,1,155
71379,20071021,742,83446,1,399
71379,20071021,742,82088,1,149
71379,20071021,742,61564,1,399
71393,20071021,7854,2772,1,95
71393,20071021,7854,81026,1,799
71398,20071021,7876,63992,1,400
71398,20071021,7876,63042,1,0
71398,20071021,7876,81318,1,199
71464,20071022,3482,63924,1,55
71464,20071022,3482,80361,1,69
71464,20071022,3482,2809,1,129
71464,20071022,3482,56307,1,129
71605,20071023,4842,71622,1,269
71605,20071023,4842,77660,1,89
71747,20071024,7854,17560,1,629
71747,20071024,7854,17559,1,722
71774,20071025,1500,54816,1,105
71857,20071025,7854,64896,1,229
71857,20071025,7854,84171,1,1990
71857,20071025,7854,61414,1,399
71857,20071025,7854,16960,1,965
71862,20071025,7892,82404,1,400
71862,20071025,7892,63042,1,0
71862,20071025,7892,73749,1,1999
71917,20071026,3065,82404,1,400
71917,20071026,3065,63042,1,0
71917,20071026,3065,82065,1,3900
71925,20071026,3596,72750,1,429
71948,20071026,4780,40236,1,512
72006,20071027,1686,83855,1,11650
72006,20071027,1686,70709,1,999
72092,20071027,5764,58930,1,590
72119,20071027,7854,78241,1,239
72119,20071027,7854,79384,1,469
72119,20071027,7854,2837,1,47
72119,20071027,7854,78379,1,1299
72157,20071028,1677,83018,1,299
72157,20071028,1677,67811,1,979
72172,20071028,2393,81753,1,199
72192,20071028,332,2762,1,58
72265,20071028,7854,66187,1,169
72265,20071028,7854,49748,1,3
72355,20071029,4436,73749,1,2990
72378,20071029,637,75859,1,199
72495,20071030,915,52902,1,699
72526,20071031,2307,83308,1,2290
72618,20071101,2307,73749,1,1999
72618,20071101,2307,73749,1,1999
72618,20071101,2307,73749,1,1999
72645,20071101,3827,81128,1,339
72649,20071101,4389,72189,1,100
72649,20071101,4389,70677,1,279
72791,20071102,7076,61151,1,209
72803,20071103,1096,2762,1,58
72828,20071103,1686,2808,1,129
72828,20071103,1686,71763,1,580
72850,20071103,2501,75929,1,199
72867,20071103,449,83438,1,450
72867,20071103,449,79833,2,138
72867,20071103,449,79831,2,158
72873,20071103,4825,2781,1,58
72939,20071104,1121,77224,1,629
72969,20071104,2307,79642,1,1388
72969,20071104,2307,81319,1,399
72980,20071104,287,59730,1,99
73051,20071104,7923,69264,1,400
73051,20071104,7923,63042,1,0
73051,20071104,7923,73750,1,2490
73051,20071104,7923,80568,1,1590
73051,20071104,7923,66813,1,195
73071,20071105,1500,72217,1,6299
73102,20071105,3127,54831,1,359
73116,20071105,3827,77507,1,999
73116,20071105,3827,77507,1,999
73156,20071105,7854,51159,1,340
73156,20071105,7854,51158,1,340
73156,20071105,7854,51160,1,340
73199,20071106,284,72022,1,199
73227,20071106,539,75929,1,199
73313,20071107,3212,73749,1,2890
73336,20071107,4967,71631,1,199
73435,20071108,539,73749,1,2450
73463,20071108,7854,81547,1,299
73511,20071109,2843,73348,1,199
73531,20071109,3482,83484,1,7440
73531,20071109,3482,2808,1,129
73531,20071109,3482,76461,1,1550
73531,20071109,3482,76254,1,499
73542,20071109,4687,61987,1,30
73542,20071109,4687,61987,1,30
73545,20071109,4749,72290,1,320
73577,20071109,7665,2809,1,129
73619,20071110,2239,67365,1,343
73619,20071110,2239,67364,1,343
73626,20071110,2393,67269,1,199
73651,20071110,3596,16692,1,65
73702,20071110,7854,57477,1,239
73702,20071110,7854,77941,1,1899
73702,20071110,7854,60376,1,199
73702,20071110,7854,73855,1,999
73702,20071110,7854,39949,1,639
73702,20071110,7854,39949,1,639
73729,20071111,1672,84614,1,1
73730,20071111,1677,81894,1,179
73730,20071111,1677,55573,1,40
73780,20071111,450,64598,1,2700
73797,20071111,542,83920,1,7990
73830,20071111,7854,34645,1,925
73849,20071112,1286,58224,1,239
73851,20071112,139,71312,1,59
73910,20071112,4780,40236,2,1000
73911,20071112,4842,67882,1,999
73954,20071113,1464,65674,2,994
74000,20071113,4687,64868,1,299
74038,20071114,1446,68723,1,340
74038,20071114,1446,68718,1,597
74038,20071114,1446,68722,1,340
74038,20071114,1446,68719,1,340
74038,20071114,1446,68721,1,340
74041,20071114,1500,63042,1,100
74051,20071114,1672,83861,1,1199
74068,20071114,3127,80485,1,1999
74068,20071114,3127,56266,1,349
74085,20071114,4981,71631,3,597
74089,20071114,539,2809,1,129
74089,20071114,539,39949,1,639
74089,20071114,539,39948,1,401
74091,20071114,5697,55270,1,295
74118,20071115,1006,61414,2,798
74122,20071115,1479,80356,1,369
74122,20071115,1479,68768,1,269
74122,20071115,1479,81326,1,289
74196,20071115,6078,67368,2,390
74209,20071115,7854,58930,1,590
74231,20071116,1117,75206,1,225
74231,20071116,1117,75203,1,225
74284,20071116,1677,73749,1,1990
74284,20071116,1677,72466,1,500
74284,20071116,1677,69957,1,399
74323,20071116,2224,73749,1,1990
74325,20071116,2239,75408,1,48
74325,20071116,2239,75408,1,48
74325,20071116,2239,75408,1,48
74325,20071116,2239,75408,1,48
74325,20071116,2239,75408,1,48
74325,20071116,2239,75408,1,48
74325,20071116,2239,67366,1,343
74360,20071116,2800,40233,4,1312
74366,20071116,287,75408,1,48
74366,20071116,287,75408,1,48
74366,20071116,287,75408,1,48
74366,20071116,287,75408,1,48
74366,20071116,287,75408,1,48
74366,20071116,287,75408,1,48
74366,20071116,287,75408,1,48
74366,20071116,287,75408,1,48
74366,20071116,287,75408,1,48
74366,20071116,287,75408,1,48
74366,20071116,287,75408,1,48
74366,20071116,287,75408,1,48
74366,20071116,287,71785,1,499
74390,20071116,332,69957,1,399
74419,20071116,3794,73749,1,1990
74467,20071116,449,75212,1,129
74467,20071116,449,77507,3,2697
74467,20071116,449,75188,1,299
74486,20071116,4825,73749,1,1990
74541,20071116,5781,69997,2,318
74661,20071116,923,75183,1,988
74661,20071116,923,72178,1,130
74661,20071116,923,80358,1,399
74676,20071117,1118,62533,1,129
74731,20071117,1672,75485,1,349
74731,20071117,1672,83821,1,699
74758,20071117,2030,65630,1,89
74771,20071117,2224,70709,1,899
74828,20071117,2814,73749,1,1990
74833,20071117,287,73749,1,1990
74833,20071117,287,83919,1,5998
74945,20071117,449,82008,1,999
74945,20071117,449,82008,1,999
74945,20071117,449,83860,1,7690
74945,20071117,449,55217,2,162
74945,20071117,449,16780,4,320
74945,20071117,449,72461,1,500
74945,20071117,449,69957,1,399
74953,20071117,4575,48863,1,0
74953,20071117,4575,66570,1,400
74953,20071117,4575,63042,1,0
74997,20071117,5348,84357,1,16550
74997,20071117,5348,72466,2,400
75019,20071117,5781,75207,3,720
75054,20071117,655,83855,1,11068
75068,20071117,6828,70709,1,899
75115,20071117,7794,26466,1,400
75115,20071117,7794,69506,1,3591
75115,20071117,7794,84171,1,1688
75161,20071117,921,2840,2,81
75212,20071118,139,81752,1,279
75291,20071118,2194,64999,1,161
75292,20071118,2205,83172,2,1222
75304,20071118,2377,67757,1,289
75304,20071118,2377,77016,1,399
75322,20071118,2501,73749,1,1990
75359,20071118,284,75408,2,96
75359,20071118,284,75408,2,96
75359,20071118,284,75408,2,96
75359,20071118,284,75408,2,96
75359,20071118,284,75408,2,96
75359,20071118,284,75408,2,96
75359,20071118,284,16692,1,65
75359,20071118,284,70630,1,199
75403,20071118,3567,83906,1,299
75403,20071118,3567,72466,1,499
75422,20071118,3827,84602,1,799
75445,20071118,4126,67269,1,199
75449,20071118,4163,81018,1,1499
75467,20071118,449,69958,1,399
75474,20071118,4575,75405,1,48
75474,20071118,4575,75405,1,48
75474,20071118,4575,75408,1,48
75474,20071118,4575,75408,1,48
75474,20071118,4575,75408,1,48
75474,20071118,4575,75408,1,48
75490,20071118,4745,48863,1,0
75490,20071118,4745,60526,1,400
75490,20071118,4745,63042,1,0
75548,20071118,542,59731,1,69
75548,20071118,542,71631,1,269
75549,20071118,5437,75183,1,988
75676,20071118,7854,26465,1,300
75676,20071118,7854,83616,1,259
75708,20071118,8006,48863,1,0
75708,20071118,8006,78339,1,400
75708,20071118,8006,63042,1,0
75725,20071118,92,84042,1,305
75725,20071118,92,84040,1,215
75725,20071118,92,84040,1,215
75824,20071119,1686,73772,1,999
75882,20071119,2205,78345,1,7388
75903,20071119,2393,73749,1,1990
75903,20071119,2393,79780,1,882
75936,20071119,2787,26465,1,900
75936,20071119,2787,84193,1,1688
75940,20071119,2800,73853,1,1299
75948,20071119,284,77806,1,389
76023,20071119,3558,80034,1,6498
76023,20071119,3558,84914,1,11480
76023,20071119,3558,80006,1,249
76023,20071119,3558,73313,1,500
76025,20071119,3567,72466,1,488
76085,20071119,4126,73749,1,1990
76128,20071119,449,81880,1,1611
76128,20071119,449,81018,1,1499
76129,20071119,450,80006,1,249
76161,20071119,4745,26466,1,500
76161,20071119,4745,72461,1,488
76180,20071119,4981,73772,2,1998
76182,20071119,5005,63992,1,400
76182,20071119,5005,63042,1,0
76220,20071119,542,26465,1,500
76263,20071119,5943,73749,1,1990
76270,20071119,6000,73250,1,49
76326,20071119,6631,48863,1,0
76326,20071119,6631,63992,1,400
76326,20071119,6631,26465,1,500
76326,20071119,6631,63042,1,0
76419,20071119,7854,69955,1,199
76419,20071119,7854,69955,1,200
76492,20071119,87,81720,1,20901
76492,20071119,87,73772,2,1998
76492,20071119,87,77824,1,1999
76550,20071120,3133,83616,1,259
76615,20071120,7854,81403,1,299
76618,20071120,8059,66570,1,400
76618,20071120,8059,63042,1,0
76618,20071120,8059,73750,1,2241
76653,20071121,1726,80363,1,119
76673,20071121,2704,65630,1,129
76799,20071122,3059,73750,1,2490
76802,20071122,3330,2772,1,95
76880,20071123,1500,73749,1,2890
76888,20071123,1672,77225,1,164
76888,20071123,1672,77225,1,165
76942,20071123,637,40233,1,558
76991,20071124,2224,79525,1,2799
77100,20071125,1686,72466,3,1497
77173,20071125,5697,16691,1,55
77173,20071125,5697,79483,1,199
77173,20071125,5697,66857,1,169
77237,20071126,2501,73306,1,1945
77237,20071126,2501,70748,1,1515
77274,20071126,7005,67340,1,259
77299,20071127,1246,26471,1,350
77395,20071127,977,76976,2,2
77395,20071127,977,79781,2,3046
77465,20071128,655,73750,1,2435
77465,20071128,655,81880,1,1788
77478,20071128,7854,77011,1,229
77478,20071128,7854,55441,1,69
77510,20071129,2224,84262,1,1380
77510,20071129,2224,84262,1,1380
77598,20071130,1500,78423,1,439
77608,20071130,1686,83805,1,11980
77608,20071130,1686,75068,1,500
77642,20071130,3429,73853,1,999
77642,20071130,3429,71786,1,199
77659,20071130,4163,16694,1,220
77670,20071130,4866,78345,1,6999
77704,20071130,7854,63687,1,109
77704,20071130,7854,71786,1,199
77812,20071201,6189,78423,1,439
77937,20071202,6820,72466,1,499
77952,20071202,7854,83769,1,399
78077,20071204,1672,71917,1,3688
78078,20071204,1679,72217,1,6499
78094,20071204,2713,72466,1,499
78148,20071204,748,2800,1,95
78154,20071204,7854,75207,1,343
78184,20071205,1672,75209,1,343
78230,20071205,6014,80602,1,1
78230,20071205,6014,65674,1,481
78251,20071205,7854,60031,1,426
78251,20071205,7854,60033,1,426
78251,20071205,7854,60034,1,426
78264,20071206,1246,26471,1,1050
78306,20071206,4749,85140,1,1290
78307,20071206,4785,75582,1,369
78307,20071206,4785,82164,1,149
78344,20071206,7854,75207,2,390
78403,20071207,3529,69264,1,400
78403,20071207,3529,63042,1,0
78408,20071207,3873,55856,1,259
78423,20071207,4749,80110,1,99
78456,20071207,7854,26465,1,900
78493,20071208,1672,85052,1,10395
78493,20071208,1672,79682,1,349
78640,20071209,1118,73749,1,2890
78643,20071209,1479,55269,1,210
78665,20071209,1982,83856,1,23400
78685,20071209,2747,68197,1,299
78693,20071209,2942,71294,1,499
78701,20071209,3212,49748,1,3
78749,20071209,5899,73748,1,3690
78769,20071209,742,49749,1,2
78796,20071210,1286,81880,1,1788
78828,20071210,2704,75183,1,988
78878,20071210,5455,73749,1,2890
78882,20071210,5781,2834,1,129
78958,20071211,3127,79781,1,1604
79004,20071211,6942,73749,1,1990
79004,20071211,6942,73749,1,1990
79132,20071213,1117,75203,1,250
79151,20071213,1686,73853,1,999
79252,20071214,1500,40233,1,558
79261,20071214,1672,71245,1,0
79276,20071214,2814,2809,1,89
79368,20071215,1464,72734,1,199
79390,20071215,2122,49749,1,2
79390,20071215,2122,65709,1,499
79390,20071215,2122,75208,1,343
79390,20071215,2122,75207,1,343
79390,20071215,2122,75209,1,343
79390,20071215,2122,75210,1,343
79390,20071215,2122,67366,1,343
79390,20071215,2122,67365,1,343
79390,20071215,2122,67364,1,343
79390,20071215,2122,67368,2,686
79390,20071215,2122,71785,1,499
79390,20071215,2122,71785,1,499
79428,20071215,3624,84833,1,4920
79428,20071215,3624,40236,1,541
79436,20071215,4745,49749,1,2
79453,20071215,5705,76173,1,999
79453,20071215,5705,77507,1,799
79453,20071215,5705,72466,1,499
79453,20071215,5705,72466,1,499
79572,20071216,449,77953,1,6990
79572,20071216,449,82119,1,999
79572,20071216,449,82120,1,999
79572,20071216,449,82120,1,999
79572,20071216,449,81752,1,299
79852,20071218,7854,51157,1,555
79928,20071219,5005,73749,1,1985
79939,20071219,6000,78148,1,299
79939,20071219,6000,82880,1,299
79960,20071219,7854,84612,1,1
79960,20071219,7854,75207,1,327
80012,20071220,2704,2809,1,89
80025,20071220,332,39949,1,639
80025,20071220,332,39948,1,401
80047,20071220,4785,83828,1,399
80083,20071220,921,73750,1,2490
80145,20071221,3610,77010,1,229
80145,20071221,3610,77507,1,699
80232,20071221,8141,48863,1,0
80232,20071221,8141,63992,1,400
80232,20071221,8141,63042,1,0
80278,20071222,2030,26465,1,600
80301,20071222,2713,16695,1,225
80360,20071222,4922,78229,1,249
80422,20071222,8141,26465,1,500
80451,20071223,1286,2812,1,99
80451,20071223,1286,2812,1,99
80480,20071223,2030,80602,1,1
80480,20071223,2030,16959,1,1134
80567,20071223,450,73853,1,999
80587,20071223,5096,81880,1,1580
80592,20071223,5239,66569,1,400
80592,20071223,5239,63042,1,0
80592,20071223,5239,84881,1,59
80592,20071223,5239,84881,1,59
80667,20071223,7854,84612,1,1
80667,20071223,7854,39948,1,385
80797,20071224,5521,71785,1,399
80813,20071224,62,16825,1,199
80813,20071224,62,16825,1,199
80946,20071225,3596,80358,1,199
80946,20071225,3596,80358,1,200
80946,20071225,3596,80358,1,199
80946,20071225,3596,80358,1,200
80968,20071225,4745,78068,1,799
81060,20071226,1672,71785,1,399
81085,20071226,2501,78068,1,799
81102,20071226,3133,73749,1,1990
81117,20071226,3855,79793,1,12900
81240,20071227,1672,83907,1,135
81240,20071227,1672,80461,1,2490
81241,20071227,1686,85322,1,17900
81338,20071227,450,81880,1,1590
81462,20071228,1672,82097,1,6990
81463,20071228,1686,84914,2,22660
81463,20071228,1686,84914,1,11330
81463,20071228,1686,84915,1,11330
81463,20071228,1686,72746,1,689
81463,20071228,1686,75068,2,1000
81463,20071228,1686,75068,2,1000
81558,20071228,5521,85408,1,1690
81578,20071228,646,2860,1,135
81578,20071228,646,40236,2,1024
81599,20071228,7854,83305,1,1699
81611,20071228,8192,63992,1,400
81611,20071228,8192,63042,1,0
81611,20071228,8192,73749,1,1990
81611,20071228,8192,65675,1,504
81611,20071228,8192,65674,1,438
81651,20071229,1686,70519,1,39
81671,20071229,2220,84418,1,599
81671,20071229,2220,73749,1,1990
81671,20071229,2220,78240,1,199
81690,20071229,2778,83033,1,199
81802,20071229,7665,65674,1,200
81802,20071229,7665,65675,1,380
81849,20071230,1464,69728,1,299
81898,20071230,287,80358,1,299
81898,20071230,287,80358,1,299
82018,20071230,7854,76241,1,199
82021,20071230,7923,49748,1,3
82021,20071230,7923,72617,1,69
82032,20071230,8202,74769,1,400
82032,20071230,8202,63042,1,0
82174,20071231,6828,73749,1,1990
82189,20071231,7854,84612,1,1
82189,20071231,7854,39948,1,385
